Abuddin Nata,"Profesor Bidang Pengkajian Islam, Universitas Islam Negeri Syarif Hidayatullah Jakarta"
Azyumardi Azra,"Professor of history, UIN Jakarta"
Fauzan Fauzan,Universitas Islam Negeri Syarif Hidayatullah Jakarta
Mohammad Nur Rianto Al Arif,Universitas Islam Negeri Syarif Hidayatullah Jakarta
Abdul Mujib,"Professor of Islamic psychology, UIN Syarif Hidayatullah Jakarta"
Rulli Nasrullah,UIN Syarif Hidayatullah Jakarta
"Prof. Dr. Fathurrahman Djamil, MA",Universitas Islam Negeri Syarif Hidayatullah Jakarta
Yudhi Munadi,UIN Syarif Hidayatullah Jakarta
M. Arief Mufraini,State Islamic University (UIN) Syarif Hidayatullah Jakarta
Abdul Rahman Shaleh,"Doktor Psikologi, UIN Syarif Hidayatullah Jakarta"
Armai Arief,UIN Syarif Hidayatullah Jakarta
"Prof. Dr. Nasaruddin Umar, MA","Professor Bidang Ilmu Tafsir, UIN Syarif Hidayatullah Jakarta"
Iqbal Maulana hasan,Uin syarif hidayatullah jakarta
Dede Rosyada,State Islamic University (UIN) Syarif Hidayatullah Jakarta
Etikonomi,UIN Syarif Hidayatullah Jakarta
Rizqon Halal Syah Aji. ID-Scopus. 57215927590.(https://orcid.org/0000-0001-5230-8603),"Ekonomi Pembangunan, Fakultas Ekonomi dan Bisnis UIN Syarif Hidayatullah Jakarta"
Jejen Musfah,"Doktor Manajemen Pendidikan, Islamic State University"
"Nur Rohim Yunus (http://orcid.org/0000-0003-2782-1266, SCOPUS ID: 57216167775)",Universitas Islam Negeri (UIN) Syarif Hidayatullah Jakarta
Abdul Halim,Universitas Islam Negeri Syarif Hidayatullah Jakarta
EDUSAINS,Fakultas Ilmu Tarbiyah dan Keguruan-Universitas Islam Negeri Syarif Hidayatullah Jakarta
Prof. Dr. Ahmad Rodoni,Universitas Islam Negeri Syarif Hidayatullah Jakarta
"Dr. H. Jaenal Aripin, M.Ag., PIA",UIN Syarif Hidayatullah Jakarta
Arskal Salim,UIN Syarif Hidayatullah Jakarta
Dr.Diana Mutiah M.Si,UIN SYARIF HIDAYATULLAH JAKARTA
Jajat Burhanudin,Syarif Hidayatullah State Islamic University of Jakarta
Aang Subiyakto,"Associate Professor in Information Systems, UIN Syarif Hidayatullah Jakarta"
Arif Sumantri,UIN Syarif Hidayatullah Jakarta
Herni Ali Husin Thalib,UIN Syarif Hidayatullah Jakarta
Flori R. Sari,State Islamic University (UIN) Syarif Hidayatullah Jakarta
Maila DH Rahiem,UIN Syarif Hidayatullah Jakarta
M. Nurul Irfan,UIN Jakarta
Wahidin Saputra,UIN Syarif Hidayatullah Jakarta
Prof. Dr. Husni Rahim,UIN Syarif Hidayatullah Jakarta
"Prof. Didin Nuruddin Hidayat, MA TESOL, Ph.D",Universitas Islam Negeri (UIN) Syarif Hidayatullah Jakarta
Bahrul Hayat,Syarif Hidayatullah State Islamic University Jakarta
Amsal Bakhtiar,UIN Syarif Hidayatullah Jakarta
Amelia Fauzia,Syarif Hidayatullah State Islamic University Jakarta
Alek Alek,Universitas Islam Negeri Syarif Hidayatullah Jakarta
Burhanuddin Yusuf,FEB UIN Syarif Hidayatullah Jakarta
"Ahmad Mukri Aji (http://orcid.org/0000-0002-9802-5630, Scopus ID: 57216168294)","Professor of Islamic Law (FIQH), Universitas Islam Negeri Syarif Hidayatullah Jakarta"
Achmad Ubaedillah,Universitas Islam Negeri Syarif Hidayatullah Jakarta
Masykuri Abdillah,UIN Syarif Hidayatullah Jakarta
Suhendra_Febuinjkt,Universitas Islam Negeri Syarif Hidayatullah Jakarta
"Prof. Dr. M. Amin Nurdin, MA.",Syarif Hidayatullah State Islamic University of Jakarta
Hendro Prasetyo,Universitas Islam Negeri Syarif Hidayatullah Jakarta
Khamami Zada (orcid.org/0000-0002-1799-9979),Dosen Fakultas Syariah dan Hukum UIN Jakarta
Yanti Herlanti,UIN Syarif Hidayatullah Jakarta
"Prof. Dr. Ade Sofyan Mulazid, S.Ag.,MH",Scopus ID 57200944760 Orcid ID 0000-0002-5254-5390 UIN Syarif Hidayatullah Jakarta …
Andi M. Faisal Bakti,"Faculty of Communication and Da'wa, Syarif Hidayatullah State Islamic University Jakarta"
Prof Sukron Kamil,UIN Syarif Hidayatullah Jakarta
Bambang Suryadi,"Lecturer of Faculty of Psychology, UIN Jakarta"
"Hasani Ahmad Said, Dr. S.Th.I., MA","Lektor Kepala, Fakultas Ushuluddin Prodi Ilmu al-Qur'an dan Tafsir UIN Syarif Hidayatullah …"
Gun Gun Heryanto,UIN Syarif Hidayatullah Jakarta
Roikhan Mochamad Aziz,"Doctor Islamic Economics, State Islamic University (UIN) Universitas Islam Negeri Syarif"
"Dr. Nurul Ichsan, MA",Fakultas Ekonomi dan Bisnis Universitas Islam Negeri Syarif Hidayatullah Jakarta
Nuruddin Muhammad Ali,UIN Syarif Hidayatullah Jakarta
Abd. Moqsith,UIN Syarif Hidayatullah Jakarta
Ahmad Fatoni,Fakultas Dakwah dan Ilmu Komunikasi UIN Syarif Hidayatullah Jakarta
M. Asrorun Niam Sholeh,Associate Professor UIN Syarif Hidayatullah Jakarta
Aries Susanto HT,UIN Syarif Hidayatullah Jakarta
Ahmad Sudirman Abbas,UIN Syarif Hidayatullah Jakarta
Ali Rama,Faculty of Economics and Business UIN Syarif Hidayatullah Jakarta
M. Dien Madjid,UIN Syarif Hidayatullah Jakarta
Rusmin Tumanggor,UIN Syarif Hidayatullah Jakarta
Qurrotul Aini,UIN Syarif Hidayatullah Jakarta
Abdul Rozak,UIN Syarif Hidayatullah Jakarta
AM Hasan Ali,UIN Syarif Hidayatullah Jakarta
Syopiansyah Jaya Putra (orcid.org/0000-0001-7146-0547),"Faculty of Science and Technology, UIN Syarif Hidayatullah Jakarta"
Iwan Permana Suwarna,Universitas Islam Negeri Syarif Hidayatullah Jakarta
Evi Sapinatul Bahriah,Universitas Islam Negeri Syarif Hidayatullah Jakarta
Azkia Muharom Albantani,(SCOPUS ID: 57931079400) Universitas Islam Negeri Syarif Hidayatullah Jakarta …
"Hoirun Nisa, PhD","Dept. of Public Health, Syarif Hidayatullah State Islamic University (UIN) Jakarta"
Rista,Syarif Hidayatullah State Islamic University Jakarta
M. Ridwan Lubis,UIN Syarif Hidayatullah Jakarta
Zulfiani Zulfiani,"Biology Education, UIN Syarif Hidayatullah Jakarta"
"Prof. Dr. Yunasril Ali, MA",Universitas Islam Negeri Syarif Hidayatullah Jakarta
Idris Thaha,UIN Syarif Hidayatullah Jakarta
Achmad Satori Ismail,UIN Syarif Hidayatullah Jakarta
"Dr. Asep Syarifuddin Hidayat, SH, MH",Fakultas Syariah dan Hukum UIN Syarif Hidayatullah Jakarta
Didin Saefuddin,Universitas Islam Negeri Syarif Hidayatullah Jakarta
Khairan Muhammad Arif,UIN Syarif Hidayatullah Jakarta
husniteja sukmana,"Lecture of Information Engineering, Syarif Hidayatullah State Islamic University Jakarta"
Yusuf Rahman,Universitas Islam Negeri Syarif Hidayatullah Jakarta
"Yusuf Durachman, Yusuf Durrachman, Yusuf Durrahman",Syarif Hidayatullah State Islamic University Jakarta
Rusli,"Professor of History of Islamic Law, Universitas Islam Negeri Syarif Hidayatullah Jakarta"
"Prof. Dr. Sri Mulyati, MA",UIN Syarif Hidayatullah Jakarta
Didin Syafruddin,Syarif Hidayatullah State Islamic University of Jakarta
Zahrotun Nihayah,UIN Syarif Hidayatullah Jakarta
Chaider S. Bamualim,Fakultas Ilmu Sosial dan Ilmu Politik UIN Syarif Hidayatullah Jakarta
Yayan Sopyan,UIN Syarif Hidayatullah Jakarta
Siti Suryaningsih,UIN Syarif Hidayatullah Jakarta
Gazi Saloom,"Social psychology, UIN Syarif Hidayatullah Jakarta"
Lia Kurniawati,UIN Syarif Hidayatullah Jakarta
Ismail Hasani,"Lecturer, UIN Syarif Hidayatullah Jakarta"
Muhammad Farkhan,"Professor of Applied Linguistics, UIN Syarif Hidayatullah Jakarta"
Burhanudin Milama,UIN Syarif Hidayatullah Jakarta
Iding Rosyidin,UIN Syarif Hidayatullah Jakarta
Mochamad Iqbal Nurmansyah,Universitas Islam Negeri Syarif Hidayatullah Jakarta
Nur Rofiah,UIN Syarif Hidayatullah Jakarta
Kholis Ridho,UIN Syarif Hidayatullah Jakarta
Ismail Hasani,"Lecturer, UIN Syarif Hidayatullah Jakarta"
Asrori S. Karni,Fakultas Syariah dan Hukum UIN Jakarta
Iwan Purwanto,"Ekonomi Pendidikan, UIN Syarif Hidayatullah Jakarta"
Zulkifli,"Professor of Socio-Cultural Anthropology, UIN Syarif Hidayatullah Jakarta"
Asep Usman Ismail,UIN Syarif Hidayatullah Jakarta
Kadir Kadir,Professor at Department of Mathematics Education UIN Syarif Hidayatullah Jakarta
Nanda Saridewi,"Magister Kimia, Syarif Hidayatullah State Islamic University (UIN) of Jakarta"
Jajang Jahroni,UIN Syarif Hidayatullah Jakarta
Muhamad Zen,UIN Syarif Hidayatullah Jakarta
Nanda Saridewi,"Magister of chemistry science, Syarif Hidayatullah State Islamic  University, Jakarta"
Rumadi UIN Jakarta,Dosen UIN Syarif Hidayatullah Jakarta
Irfan Abubakar,Universitas Islam Negeri Syarif Hidayatullah Jakarta
Isalmi Aziz,UIN Syarif Hidayatullah Jakarta
Suhaimi UIN Jakarta,UIN Syarif Hidayatullah Jakarta
Ali Munhanif,"Political Science, UIN Jakarta"
Siti Ummi Masruroh,Universitas Islam Negeri Syarif Hidayatullah Jakarta
Anna Muawanah,UIN SYARIF HIDAYATULLAH JAKARTA
Jasmine Aliyah,UIN Syarif Hidayatullah Jakarta
Abd. Rahman,UIN Syarif Hidayatullah Jakarta
Muniaty Aisyah,Universitas Islam Negeri Syarif Hidayatullah Jakarta
Riastuti kusuma wardani,UIN Jakarta
Fathiah Alatas,Universitas Islam Negeri Syarif Hidayatullah Jakarta
Muhammad Zuhdi,UIN Syarif Hidayatullah Jakarta
Dadi Darmadi,"PPIM (Center for the Study of Islam and Society), UIN Syarif Hidayatullah Jakarta"
Fitri Damayanti,UIN Syarif Hidayatullah Jakarta
Muhammad Azwar,Universitas Islam Negeri Syarif Hidayatullah Jakarta
Gelar Dwirahayu,"Doctor of Math Education, UIN Syarif Hidayatullah Jakarta"
Yunita Faela Nisa,UIN Syarif Hidayatullah Jakarta
Nelly Suryani,"Pharmacy Departement, Fakulty of Health Science, UIN Syarif Hidayatullah Jakarta"
Aulia sepviani,UIN Syarif Hidayatullah Jakarta
Risatianti Kolopaking,Universitas Islam Negeri Syarif Hidayatullah Jakarta
Victor Amrizal,UIN Syarif Hidayatullah Jakarta
Wardah Nuroniyah (ORCID:0000-0002-1901-8791),FSH UIN Syarif Hidayatullah Jakarta  INDONESIA
"Prof. Dr. Hendrawati, M.Si",Departemen of Chemistry Faculty of Science and Technology State Islamic University (UIN …
Ahmad Bahtiar,UIN Syarif Hidayatullah Jakarta
Luh Kesuma Wardhani,UIN Syarif Hidayatullah Jakarta
Mohamad Avicenna,UIN Syarif Hidayatullah Jakarta
Indra Rahmatullah,Fakultas Syariah dan Hukum UIN Syarif Hidayatullah Jakarta
Salamah Agung,UIN Syarif Hidayatullah Jakarta
La Ode Sumarlin,uin syarif hidayatullah jakarta
Amilin,State Islamic University (UIN) Syarif Hidayatullah Jakarta
E Fetrina,UIN Syarif Hidayatullah Jakarta
Ainurrafiq Dawam,"Dosen Pendidikan Islam, Universitas Islam Negeri Syarif HIdayatullah Jakarta"
Isnawati Rais (orcid.org/0000-0002-5122-5467),UIN Syarif Hidayatullah Jakarta
Dedi Irawan,UIN Syarif Hidayatullah Jakarta
Tita Khalis Maryati,"Dosen Jurusan Pendidikan Matematika, UIN Syarif Hidayatullah Jakarta"
Din Wahid,PPIM UIN Syarif Hidayatullah Jakarta
Abdul Muin,"Associate Professor of Mathematics Education, Universitas Islam Negeri Syarif Hidayatullah …"
Suwendi Suwendi,Universitas Islam Negeri Syarif Hidayatullah Jakarta
M. Yunan Yusuf,UIN Syarif Hidayatullah Jakarta
Fatkhul Arifin,(ID SCOPUS : 57723068400) UIN Syarif Hidayatullah Jakarta
Imam Subchi,Universitas Islam Negeri Syarif Hidayatullah Jakarta
Lukman,Universitas Islam Negeri Syarif Hidayatullah Jakarta
Karlina Helmanita,Universitas Islam Negeri Syarif Hidayatullah Jakarta
"Narila Mutia Nasir, SKM, MKM, Ph.D",Universitas Islam Negeri Syarif Hidayatullah Jakarta
Deni Pandu Nugraha,Universitas Islam Negeri Syarif Hidayatullah Jakarta
Erika Amelia,Universitas Islam Negeri Syarif Hidayatullah Jakarta
Suhendra,"Dosen Komunikasi, Universitas Islam Negeri Syarif Hidayatullah Jakarta"
Sapiudin Shidiq,UIN Syarif Hidayatullah Jakarta
"Mohammad Hasan Ansori, Ph.D.","Universitas Islam Negeri Syarif Hidayatullah, Jakarta"
Abd. Muid N.,Universitas Islam Negeri Syarif Hidayatullah Jakarta
Muslih Nurhusain,uin jakarta ilmu alqur'an tafsir fakultas ushuluddin
Luki Yunita,UIN Syarif Hidayatullah Jakarta
Waras Budi Utomo,UIN Syarif Hidayatullah Jakarta
Elvi Susanti,UIN Syarif Hidayatullah Jakarta
UBAID RIDLO,UIN Syarif Hidayatullah Jakarta
"Noryamin Aini, Assoc. Professor (orcid.org : 0000-0002-5269-5591)",Universitas Islam Negeri Syarif Hidayatullah Jakarta
Fitri Yani Jalil,UIN Jakarta
Fathma Cita,UIN Syarif Hidayatullah Jakarta
Rena Latifa,"UIN Syarif Hidayatullah Jakarta, Indonesia"
Buchori Muslim,UIN Syarif Hidayatullah Jakarta (ID Scopus : 58281581700)
Hamid Nasuhi,UIN Syarif Hidayatullah Jakarta
Nida Husna,UIN Syarif Hidayatullah Jakarta
Moch. Syarif Hidayatullah,UIN Syarif Hidayatullah Jakarta
Maya Defianty,UIN Syarif Hidayatullah Jakarta
Supriyadi Ahmad,"UIN Syarif Hidayatullah Jakarta, Indonesia"
Prof Salman Maggalatung,Universitas Islam Negeri Syarif Hidayatullah Jakarta
Irma Nurbaeti,"Nursing, Keperawatan UIN Syarif Hidayatullah Jakarta"
Fitroh,UIN Syarif Hidayatullah Jakarta
Akhmad Baidun,UIN Syarif Hidayatullah Jakarta
"Pheni Chalid (Drs., SF., MA., Ph.D)",Fakultas Ekonomi dan Bisnis UIN Syarif Hidayatullah Jakarta
Siti Nurbayti,Universitas Islam Negeri Syarif Hidayatullah Jakarta
Desmadi Saharuddin,Faculty of Economics and Business State Islamic University (UIN) Syarif Hidayatullah …
M. Ali Wafa,Universitas Islam Negeri Syarif Hidayatullah Jakarta
"JM Muslimin, MA., Ph.D",Universitas Islam Negeri Syarif Hidayatullah Jakarta
"Evy Nurmiati, MMSI",UIN Jakarta
yardi saibi,UIN Syarif Hidayatullah Jakarta
Arif Zamhari,UIN Syarif HIdayatullah Jakarta
Yenita Agus,Universitas Islam Negeri Syarif Hidayatullah Jakarta
Johan Wahyudi,UIN Syarif Hidayatullah Jakarta
Yuli Amran,"Dosen Kesehatan Masyarakat, UIN Syarif Hidayatullah, Jakarta"
Ibnu Qizam,"Professor, State Islamic University (UIN) Syarif Hidayatullah Jakarta"
Dedek Kustiawati,"Dosen Pendidikan Matematika, Universitas Islam Negeri Syarif Hidayatullah Jakarta"
Alysa Yashinta,UIN SYARIF HIDAYATULLAH JAKARTA
"Achmad Syahid, Prof. Dr. Drs. MA",UIN Syarif Hidayatullah Jakarta
Ahmad Thib Raya,UIN Syarif Hidayatullah Jakarta
Akhmad Mahbubi,Department of Agribusiness UIN Syarif Hidayatullah Jakarta
Nani Radiastuti,UIN Syarif Hidayatullah Jakarta
Meinarini UIN Jakarta,UIN Jakarta
Puteri Amelia,Universitas Islam Negeri (UIN) Syarif Hidayatullah Jakarta
Faizal Arifin,"Sejarah dan Peradaban Islam, Universitas Islam Negeri Syarif Hidayatullah Jakarta"
Muhamad Arif,UIN Syarif Hidayatullah Jakarta
Khaeron Sirin,"Dosen Hukum Islam, UIN Syarif Hidayatullah Jakarta"
M. Ikhsan Tanggok,"UIN Syarif ""Hidayatullah"" Jakarta"
Muh. Fudhail Rahman,Universitas Islam Negeri Syarif Hidayatullah Jakarta
Hamka Hasan,UIN Syarif Hidayatullah Jakarta
Zaimudin,Universitas Islam Negeri Syarif Hidayatullah Jakarta
luky aditya try kusuma januar,Uin Jakarta
"Dr. Abd Rozak, MA","Syarif Hidayatullah State Islamic University of Jakarta, Indonesia"
Dewi Utami Iriani,Universitas Islam Negeri Syarif Hidayatullah Jakarta
Muhammad Ishar Helmi,UIN Syarif Hidayatullah Jakarta
Yubaedi Siron,"Universitas Islam Negeri Syarif Hidayatullah, Jakarta"
Taufik Sutanto,UIN Syarif Hidayatullah Jakarta
"Dr. H. Nurochim, MM",State Islamic University (UIN) Syarif Hidayatullah Jakarta
Agus Rimus Liandi,"Departement of Chemistry, Universitas Islam Negeri Syarif Hidayatullah Jakarta"
Muhammad Qomarul Huda,"Universitas Islam Negeri Syarif Hidayatullah Jakarta, Department of Information Systems …"
Yuni Anggraeni,Farmasi UIN Syarif Hidayatullah Jakarta
Syamsul Rijal,Professor of Sociology of Islam at UIN Syarif Hidayatullah Jakarta
Iim Halimatusa'diyah,UIN Syarif Hidayatullah Jakarta
Yusraini Dian Inayati Siregar,Universitas Islam Negeri Syarif Hidayatullah Jakarta
Ah. Azharuddin Lathif,UIN Syarif Hidayatullah Jakarta
Nur Hidayah,Universitas Islam Negeri Syarif Hidayatullah Jakarta
Amany Burhanuddin Lubis,UIN Syarif Hidayatullah Jakarta
Murodi,UIN Syarif Hidayatullah Jakarta
Nafia Wafiqni,UIN Syarif Hidayatullah Jakarta
Yuke Rahmawati (orcid.org/0000-0002-4256-7975),UIN Syarif Hidayatullah Jakarta
Wati Susiawati,UIN Syarif Hidayatullah Jakarta
"Prof. Dr. Darsita Suparno, SS, M.Hum (orcid.org/0000-0002-0097-3246)",Universitas Islam Negeri Syarif Hidayatullah Jakarta
Nur Inayah,UIN Syarif Hidayatullah jakarta
Fahma Wijayanti,Universitas Islam Negeri  Syarif Hidayatullah Jakarta
Dasumiati,Doktor Biologi Universitas Islam Negeri Syarif Hidayatullah Jakarta
Frans Sayogie,Universitas Islam Negeri Syarif Hidayatullah Jakarta
Ahmad Suryadi,"Physics Education, UIN Syarif Hidayatullah Jakarta"
Asep Ediana Latip,UIN Jakarta
Andrew Fiade,UIN Syarif Hidayatullah Jakarta
Nurhayati Buslim,"UIN Syarif Hidayatullah Jakarta, Sun Moon University Korea, IEEE, Binus University"
Dwi Nur'aini Ihsan,UIN Syarif Hidayatullah Jakarta
Umiyati UIN Jakarta,Universitas Islam Negeri Syarif Hidayatullah Jakarta
Sita Ratnaningsih,UIN Syarif Hidayatullah Jakarta
Zikri Neni Iska,UIN Syarif Hidayatullah Jakarta
Imam Marzuki Shofi,Universitas Islam Negeri Syarif Hidayatullah Jakarta
Nengsih Juanengsih,UIN Syarif Hidayatullah Jakarta
Chris Adhiyanto,"State Islamic University, UIN Jakarta"
Zakiya Darojat,Universitas Islam Negeri Syarif Hidayatullah Jakarta
"Dr.Ana Sabhana Azmy, M.IP",Universitas Islam Negeri Syarif Hidayatullah Jakarta
Rosa Adelina,Universitas Islam Negeri Syarif Hidayatullah Jakarta
"Mohammad Adnan, Lc, LL. M, P.hD (https://orcid.org/0000-0002-4608-9763)",UIN JAKARTA
akhmad sodiq,Doktor Akhlak Tasawuf UIN Jakarta
Ratna Sari Dewi,Universitas Islam Negeri Syarif Hidayatullah Jakarta
siti ummi masruroh,"lecturer of computer science , UIN Jakarta"
Ala'i Nadjib UIN Jakarta,Universitas Islam Negeri Syarif Hidayatullah Jakarta
Tonih Feronika UIN Jakarta,Universitas Islam Negeri Syarif Hidayatullah Jakarta
Didah Nurhamidah,Universitas Islam Negeri Syarif Hidayatullah Jakarta
Ikhwan Lutfi,UIN Syarif Hidayatullah Jakarta
Badrus Sholeh,Syarif Hidayatullah State Islamic University Jakarta
Fahriany,Syarif Hidayatullah State Islamic University of Jakarta
Maifalinda Fatra (Scopus ID: 57194534630); ORCID 0000-0001-9590-1685; SINTA ID:6021972,UIN Syarif Hidayatullah Jakarta
Tantan Hermansah,"UIN Syarif Hidayatullah, Jakarta"
LATHIPAH HASANAH,UIN Syarif Hidayatullah Jakarta
Narti Fitriana,UIN Syarif Hidayatullah Jakarta
Muhtadi UIN Jakarta,UIN Syarif Hidayatullah Jakarta
Arip Purkon (orcid.org/0000-0002-6195-9384),Universitas Islam Negeri Syarif Hidayatullah Jakarta
Adawiah,"Chemistry, UIN Syarif Hidayatullah Jakarta"
Zahrotul Lailiah,UIN Syarif Hidayatullah Jakarta
Khodijah Hulliyah,UIN Syarif Hidayatullah Jakarta
Sarip Hidayatuloh,UIN syarif Hidayatullah Jakarta
Nurhayati  UIN  Jakarta,"UIN Syarif Hidayatullah Jakarta, Sun Moon University, Binus University, Gunadarma …"
Ahmad Chairul Hadi(orcid.org/0000-0003-4742-3935),UIN Syarif Hidayatullah Jakarta
Fenty Eka Muzayyana Agustin,UIN Syarif Hidayatullah Jakarta
"Prof. Dr. Achmad Tjachja Nugraha, MP., PIA., CFrA., CACP",Universitas Islam Negeri Syarif Hidayatullah Jakarta
Baiq Hana Susanti,UIN Syarif Hidayatullah Jakarta
Ahmad Baihaqi Soebarna,UIN Syarif Hidayatullah Jakarta
Endi Aulia Garadian,Syarif Hidayatullah State Islamic University Jakarta
Meiry Fadilah Noor,Universitas Islam Negeri Syarif Hidayatullah Jakarta
"Syahrullah, MA",UIN Syarif Hidayatullah Jakarta
Sulvia Aisyah Amimi,"Mahasiswa, UIN Syarif Hidayatullah Jakarta"
Eko Saputro,UIN Syarif Hidayatullah Jakarta
Eva Musyrifah,UIN Syarif Hidayatullah Jakarta
Hilmi Akmal,UIN Syarif Hidayatullah Jakarta
Megga Ratnasari Pikoli,"Universitas Islam Negeri (UIN) Syarif Hidayatullah Jakarta, Indonesia"
Bayu Waspodo (orcid.org/0000-0001-6822-1465),Universitas Islam Negeri Syarif Hidayatullah Jakarta (Process Science Lab)
Rohmat Widiyanto,UIN Syarif Hidayatullah Jakarta
Titi Dewi Warninda,UIN Syarif Hidayatullah Jakarta
"Bobi Erno Rusadi, M.Pd.I",Universitas Islam Negeri Syarif Hidayatullah Jakarta
Tri Suwarno Handoko Noviyanto,UIN Syarif Hidayatullah Jakarta
Tati Rohayati,UIN Syarif Hidayatullah Jakarta; Pusat Pengkajian Islam dan Masyarakat (PPIM)
Minsarnawati Tahangnacca,Universitas Islam Negeri Syarif Hidayatullah Jakarta
"Dr., Ir., Elpawati. MP","Departement of Agribusiness, Faculty Sains and Technology,UIN Syarif Hidayatullah …"
Sri Yadial Chalid,"Doctor of Chemistry, Syarif Hidayatullah State Islamic University, Jakarta"
Dindin Ridwanudin,Syarif Hidayatullah State Islamic University of Jakarta
Mohammad  Lutfi,Universitas Islam Negeri Syarif Hidayatullah Jakarta
Hasyim Asy'ari,UIN Syarif Hidayatullah Jakarta
Asyari Hasan,Universitas Islam Negeri Syarif Hidayatullah Jakarta
Amin Akkas,UIN Syarif Hidayatullah Jakarta
Diana Mutia Habibaty,Universitas Islam Negeri Syarif Hidayatullah Jakarta
Adhi Wibowo Nurhidayat,"Faculty of Medicine, UIN Syarif Hidayatullah Jakarta"
Baequni Boerman,Lecture in UIN Syarif Hidayatullah Jakarta and the Indonesian Health Workers Council
Umar Al-Haddad,"Lecturer of Islamic Jurisprudence, UIN Syarif Hidayatullah Jakarta (Syarif Hidayatullah State"
Lilik Ummi Kaltsum,Fakultas Ushuluddin UIN Syarif Hidayatullah Jakarta
Kustati Budi Lestari,"Program Studi Ilmu Keperawatan, FIKES, UIN Syarif Hidayatullah Jakarta"
Afidah Wahyuni ( orcid.org/0000-0002-7347-9732 ),"Islamic Law, UIN Syarif Hidayatullah Jakarta"
Taridi Kasbi Ridho,Universitas Islam Negeri Syarif Hidayatullah Jakarta
Etyn Yunita,UIN Syarif Hidayatullah Jakarta
Ida Rosida,UIN Syarif Hidayatullah Jakarta
Mohammad  Siddiq,Universitas Islam Negeri Syarif Hidayatullah Jakarta
Bambang Ruswandi,UIN Syarif Hidayatullah Jakarta
Abdul Hakim Wahid,UIN Syarif Hidayatullah Jakarta
Sujiyo Miranto,Universitas Islam Negeri Syarif Hidayatullah Jakarta
Sabrina Dahlizar,Universitas Islam Negeri Syarif Hidayatullah Jakarta
Nuryani,UIN Syarif Hidayatullah Jakarta
Asep Fajar Firmansyah,"Universitas Islam Negeri Syarif Hidayatullah Jakarta, University of Paderborn"
sri hidayati,UIN Syarif Hidayatullah Jakarta
Kinkin Suartini,UIN Syarif Hidayatullah Jakarta
Rochimah Imawati,UIN Syarif Hidayatullah - Jakarta
Khairunnisa,"Dosen Jurusan Pendidikan Matematika, UIN Syarif Hidayatullah Jakarta"
Nurul Hidayati,Fakultas Ilmu Dakwah dan Ilmu Komunikasi (FIDKOM) UIN Syarif Hidayatullah Jakarta
Ahmad Abrori,UIN Syarif Hidayatullah Jakarta
Rosida Erowati Irsyad,"Pengajar Kajian Sastra, UIN Syarif Hidayatullah Jakarta"
Suci Ratnawati,UIN Syarif Hidayatullah Jakarta
Mesraini Mesraini,Universitas Islam Negeri Syarif Hidayatullah Jakarta
Muria Khusnun Nisa,UIN Syarif Hidayatullah Jakarta
Feri Fahrianto,UIN Syarif Hidayatullah Jakarta
Zainul Arham,"Lecturer of Computer Sains and Information System, UIN Jakarta"
Suma Inna,Universitas Islam Negeri Syarif Hidayatullah Jakarta
Shobahussurur,UIN Syarif Hidayatullah Jakarta
Jakiatin Nisa,UIN Syarif Hidayatullah Jakarta
Fajar Ariyanti,"Lecturer of Public Health, UIN Syarif Hidayatullah Jakarta"
dwi setiowati,UIN Syarif Hidayatullah jakarta
Rachmat Mulyono,"UIN Syarif Hidayatullah, Jakarta"
Afidah,"Dosen jurusan pendidikan matematika, UIN Syarif Hidayatullah Jakarta"
Cecep Castrawijaya,UIN Syarif Hidayatullah Jakarta
Gilang Rizki Aji Putra (https://orcid.org/0000-0002-3690-1498),Universitas Islam Negeri Syarif Hidayatullah Jakarta
Asep Muhammad Saepul Islam,"Universitas Islam Negeri Syarif Hidayatullah, Jakarta"
Sitti Ahmiatri Saptari,UIN Syarif Hidayatullah Jakarta
Sururin,UIN Syarif Hidayatullah Jakarta
Wahyunengsih,Universitas Islam Negeri Syarif Hidayatullah Jakarta
Ade Suherlan,Universitas Islam Negeri Syarif Hidayatullah Jakarta
Ramdani Miftah,UIN Syarif Hidayatullah Jakarta
Siti Nurul Azkiyah,UIN Syarif Hidayatullah Jakarta
Maftuhah,UIN Syarif Hidayatullah Jakarta
Fika Ekayanti,Universitas Islam Negeri Syarif Hidayatullah Jakarta
Nurul Faizah Rozy,UIN Syarif Hidayatullah Jakarta
"Dr. Erba Rozalina Yulianti, M.Ag.",UIN Syarif Hidayatullah Jakarta
Eva Nugraha,Dosen Kajian al-Qur'an UIN Syarif Hidayatullah Jakarta
Reza Ruhbani Amarulloh,Universitas Islam Negeri Syarif Hidayatullah Jakarta
"Dr. Canra  Krisna Jaya, MA.Hum",UIN Syarif Hidayatullah Jakarta
Idris Hemay,Syarif Hidayatullah State Islamic University of Jakarta
Amirudin,UIN Syarif Hidayatullah Jakarta
"Dr. Kholid Al Walid, M.Ag.","Lecturer, Universitas Islam Negeri Syarif Hidayatullah Jakarta"
Yuke Mardiati,Dosen UIN Syarif Hidayatullah Jakarta
Muhammad Fadlillah Fauzukhaq,"Dosen, Universitas Islam Negeri Syarif Hidayatullah Jakarta, Indonesia"
Aini Masruroh ,UIN Syarif Hidayatullah Jakarta
Moh. Anwar Syarifuddin,"Dosen ilmu al-Qur'an dan Tafsir, UIN Jakarta"
Nouval Shahab,Universitas Islam Negeri Syarif Hidayatullah Jakarta
Rafi Aldiansyah,Universitas Islam Negeri Syarif Hidayatullah Jakarta
Ismalianing Eviyuliwati,UIN Syarif Hidayatullah Jakarta
M Adian Firnas,"Dosen Hubungan Internasional, UIN Syarif Hidayatullah Jakarta"
Nurul Hiedayati,"Faculty of Medicine, Universitas Islam Negeri Syarif Hidayatullah Jakarta"
Ulfah Andayani UIN Jakarta,UIN Syarif Hidayatullah Jakarta
Mulia Sari Dewi,UIN Syarif Hidayatullah Jakarta
Agus Salim,UIN Syarif Hidayatullah Jakarta
Abu Tamrin,Universitas Islam Negeri Syarif Hidayatullah Jakarta
Arisman,"Associate Professor, Faculty of Economics and Business, The State Islamic University(UIN) …"
Ady Cahyadi,"Dosen Akuntansi FEB, UIN Syarif Hidayatullah Jakarta"
Usman Syihab,UIN Syarif Hidayatullah Jakarta
Rinda Hesti Kusumaningtyas,UIN Syarif Hidayatullah Jakarta
Zahruddin,Universitas Islam Negeri Syarif Hidayatullah Jakarta
Siti Tengku,"Ilmu keperawatan, UIN Syarif Hidayatullah Jakarta"
Ilmi Amalia,UIN Syarif Hidayatullah Jakarta
Novi Diah Haryanti,UIN Syarif Hidayatullah Jakarta
Cucu Nurhayati,Universitas Islam Negeri Syarif Hidayatullah Jakarta
Hilmi Akmal,"Dosen linguistik, UIN Syarif Hidayatullah Jakarta"
Pungki Purnomo,(Google Scholar) UIN Syarif Hidayatullah Jakarta
Lina Elfita,UIN Syarif Hidayatullah Jakarta
Abdul Mutholib,Universitas Islam Negeri Syarif Hidayatullah Jakarta
Syahrul Adam  orcid.org/0000-0003-0377-4995,UIN Syarif Hidayatullah Jakarta
Hamdani,Universitas Islam Negeri Syarif Hidayatullah Jakarta
Nurul Hikmah,Dosen UIN Syarif Hidayatullah Jakarta
Eny Supriyati Rosyidatun,"biology education, UIN Syarif Hidayatullah Jakarta"
Eni Nuraini Agustini,"Dosen Keperawatan Jiwa, UIN Syarif Hidayatullah Jakarta"
Indra Munawar,Syarif Hidayatullah State Islamic University of Jakarta
Hepi Prayudiawan,UIN Syarif Hidayatullah Jakarta
Akhmad Saehudin,UIN Syarif Hidayatullah Jakarta
Anis Fuadah Z.,UIN Syarif Hidayatullah Jakarta
Mahmudah Fitriyah ZA,UIN Syarif Hidayatullah Jakarta
Faridah UIN Jakarta,UIN Syarif Hidayatullah Jakarta
Endah Wulandari,"Doktor Ilmu Biomedik, Universitas Islam Negeri Syarif Hidayatullah Jakarta"
Ida Rosyidah,Universitas Islam Negeri Syarif Hidayatullah Jakarta
Yusro Rahma,UIN SYARIF HIDAYATULLAH JAKARTA
Heny Narendrany Hidayati,UIN Syarif Hidayatullah Jakarta
Atep Abdurofiq,UIN Syarif Hidayatullah Jakarta Indonesia
Kisno Umbar,"Pendidikan Bahasa Arab, Universitas Islam Negeri Syarif Hidayatullah Jakarta, Indonesia"
"Muhtar Mochamad Solihin, S.Kom.I., M.Si.",Universitas Islam Negeri Syarif Hidayatullah Jakarta
Mudatsir Najamuddin,UIN Syarif Hidayatullah Jakarta
Khoirun Nisa,FISIP UIN Syarif HIdayatullah Jakarta
Yenny  Rahmawati,UIN Syarif Hidayatullah Jakarta
Ade Masturi,Universitas Islam Negeri Syarif Hidayatullah Jakarta
Dewi Murniati,uin syarif hidayatullah jakarta
Sholehudin,Universitas Islam Negeri Syarif Hidayatullah Jakarta
"Zahrotul Munawwaroh, M.Pd",UIN Syarif Hidayatullah Jakarta
"Dr. Endah Meiria, SE, M.Si.",UIN Syarif Hidayatullah Jakarta
Nur Wedia Devi Rahmawati,UIN Syarif Hidayatullah Jakarta
Dewi Purnamasari,"Magister, UIN jakarta"
Tabitha Ghaitsa,Universitas Islam Negeri Syarif Hidayatullah Jakarta
Moh. Nasrudin,UIN Syarif Hidayatullah Jakarta (ID Scopus: 57219909929)
Nofrianto,State Islamic University (UIN) Syarif Hidayatullah Jakarta
Indo Yama Nasarudin,Universitas Islam Negeri Syarif Hidayatullah Jakarta
Makyun Subuki,Dosen Linguistik UIN Syarif Hidayatullah Jakarta
Maftuhah UIN Jakarta,"Dosen, UIN Syarif Hidayatullah Jakarta"
eva khudzaeva,Universitas Islam Negeri SYarif Hidayatullah Jakarta
"Eva Khudzaeva, M.Si",State Islami University (UIN) syarif Hidayatullah Jakarta
M. Hafiz,UIN Syarif Hidayatullah Jakarta
Ade Ananto Terminanto,UIN Syarif Hidayatullah Jakarta
Kusmana,UIN Syarif Hidayatullah Jakarta
Nahrowi UIN Jakarta,UIN Syarif Hidayatullah Jakarta
Nurul Hayati,UIN Syarif Hidayatullah Jakarta
Masri Mansoer,UIN Syarif Hidayatullah Jakarta
Ahmad Fathoni,"Lecturer, UIN Syarif Hidayatullah Jakarta"
Ardian Khairiah,"Departement of Biology, Faculty of Science and Technology, UIN Syarif Hidayatullah Jakarta"
Ahmad Hifni,Universitas Islam Negeri Syarif Hidayatullah Jakarta
Deden Mauli Darajat,UIN Syarif Hidayatullah Jakarta
"Iin Kandedes, MA",UIN Syarif Hidayatullah Jakarta
Irma Fauziah,"Dosen Matematika, UIN Syarif Hidayatullah Jakarta"
Hemmy Fauzan,UIN Syarif Hidayatullah Jakarta
Hanafi UIN Jakarta,UIN Syarif Hidayatullah Jakarta
Nita Rosita,Universitas Islam Negeri Syarif Hidayatullah Jakarta
SOLIHIN,Universitas Islam Negeri Syarif Hidayatullah Jakarta
Dona Aji Karunia Putra,UIN SYARIF HIDAYATULLAH JAKARTA
Alfi Syahriyani,UIN Syarif Hidayatullah Jakarta
Supriyono,UIN Syarif Hidayatullah Jakarta
Abd. Wahid Hasyim,Universitas Islam Negeri Syarif Hidayatullah Jakarta
"M. Tabah Rosyadi, MA",UIN Syarif Hidayatullah Jakarta
Siti Rahmah Hidayatullah Lubis,Universitas Islam Negeri Syarif Hidayatullah Jakarta
Alfida,UIN Syarif Hidayatullah Jakarta
Zuhairan Yunmi Yunan,Senior Lecturer at UIN Syarif Hidayatullah Jakarta
"Rezki Syahri Rakhmadi.,SE,MA.Ek","UIN JAKARTA (STATE ISLAMIC UNIVERSITY), STAI BINAMADANI"
Agus Darmaji,"Ilmu Filsafat, Universitas Islam Negeri Syarif Hidayatullah Jakarta"
Saepul Aripiyanto,UIN Syarif Hidayatullah Jakarta
RIRIS AISHAH PRASETYOWATI,UIN Syarif Hidayatullah Jakarta
Jejen Jaenudin,Accreditation Coordinator of UIN Syarif Hidayatullah Jakarta (Syarif Hidayatullah State …
"Dr. H. Edi Amin, S.Ag., MA",Universitas Islam Negeri Syarif Hidayatullah Jakarta
Moch. Bukhori Muslim,UIN Syarif Hidayatullah Jakarta
Yazid Hady,UIN Syarif Hidayatullah Jakarta
Walid Rumblat,Universitas Islam Negeri Syarif Hidayatullah Jakarta
Dimyati Sajari,UIN Syarif Hidayatullah Jakarta
Siti Napsiyah,UIN Syarif Hidayatullah Jakarta
Dzuriyatun Toyibah,UIN Syarif Hidayatullah Jakarta
Fidrayani,UIN Syarif Hidayatullah Jakarta
"Ir. Rahmi Purnomowati, M.Si.",Prodi Agribisnis UIN Syarif Hidayatullah Jakarta
Ay Maryani,"Dosen Akuntansi, Universitas Islam Negeri Syarif Hidayatullah Jakarta"
Fahri Fahrudin,Universitas Islam Negeri Syarif Hidayatullah Jakarta
Agus Sufyan,UIN Syarif Hidayatullah Jakarta
Wahyu Prasetyawan,Universitas Islam Negeri Syarif Hidayatullah Jakarta
"Syauki, Drs. M.Pd FITK",UIN Syarif Hidayatullah Jakarta
Rizki Adi Puspita Sari,UIN Syarif Hidayatullah Jakarta
Cahya Buana,UIN Syarif Hidayatullah Jakarta
Desi Yustari Muchtar,"Dosen, UIN Syarif Hidayatullah Jakarta"
"Prof. Dr. Bambang Irawan, M.Ag",UIN Syarif Hidayatullah Jakarta
"Dr. Syamsul Aripin, MA",UIN Syarif Hidayatullah Jakarta
"Dr. Khalimi, M.Ag",Universitas Islam Negeri Syarif Hidayatullah Jakarta
Fathurrochman Karyadi,Sekolah Pascasarjana UIN Syarif Hidayatullah Jakarta.
"Wildan Imaduddin Muhammad, MA","Fakultas Ushuluddin, UIN Syarif Hidayatullah Jakarta"
Rizaludin Kurniawan,Universitas Islam Negeri Syarif Hidayatullah Jakarta
Dindin Sobiruddin DK-FITK,UIN Syarif Hidayatullah Jakarta
Nur Syamsiyah,Pendidikan Bahasa dan Sastra Indonesia UIN Syarif Hidayatullah Jakarta
Siti Masyithoh,Syarif Hidayatullah State Islamic University (UIN) of Jakarta
NURLAILI RAHMAWATI,"Dosen Hukum Tata Negara, UIN Syarif Hidayatullah Jakarta"
"Dr. Ade Abdul Hak, S.Ag., SS, M.Hum., CIQnR",UIN Syarif Hidayatullah Jakarta
Agus Sulaiman Djamil,UIN SYARIF HIDAYATULLAH JAKARTA
Dinda Rama Haribowo,"Center for Integrated Laboratory, State Islamic University Syarif Hidayatullah (UIN) Jakarta"
Miessya Wardani,UIN Syarif Hidayatullah Jakarta
Asmawi (orcid.org/0000-0001-7397-0903),UIN Syarif Hidayatullah Jakarta
Rachmat Baihaky,UIN Syarif Hidayatullah Jakarta
Musfiah Saidah,Communication Lecturer Universitas Islam Negeri Syarif Hidayatullah Jakarta
Mukhshon Nawawi,Syarif Hidayatullah State Islamic University of Jakarta
Musfiah Saidah,Communication Lecturer UIN Jakarta
Iwan Aminudin,Universitas ISlam Negeri Syarif Hidayatullah Jakarta
Halwa Ainaya Addiina,UIN Syarif Hidayatullah Jakarta
Minkhatun Nakhriyah,UIN Syarif Hidayatullah Jakarta
Diana Riski Sapitri Siregar,UIN Syarif Hidayatullah Jakarta
Cut Erika Ananda Fatimah,UIN Syarif Hidayatullah Jakarta
"Dr. Hindun, M.Pd.",UIN Syarif Hidayatullah Jakarta
Tri Harjawati,UIN Syarif Hidayatullah Jakarta
Ramlan Abdul Gani,Universitas Islam Negeri Syarif Hidayatullah Jakarta
YANG YANG MERDIYATNA UINJKT,Universitas Islam Negeri Syarif Hidayatullah Jakarta
hengki ferdiansyah,UIN Syarif Hidayatullah Jakarta
Agus Nilmada Azmi,FISIP UIN Syarif Hidayatullah Jakarta
Moh. Supardi,UIN Syarif Hidayatullah Jakarta
"Dr. Suhenda Wiranata, ME.",UIN  Jakarta
Mahmudi,"Lecturer of Mathematics, UIN Syarif Hidayatullah Jakarta"
endang mintarja,Islamic State University
Reno Fitri,Lecturer at UIN Syarif Hidayatullah Jakarta
Qom UIN,Department of Information System UIN Syarif Hidayatullah Jakarta
Lolytasari,Universitas Islam Negeri Syarif Hidayatullah Jakarta
Arnis Silvia,UIN Syarif Hidayatullah Jakarta
Supriyadi Ahmad ( orcid.org/0000-0003-4205-6064),Doktor UIN Syarif Hidayatullah Jakarta
Otong Suhyanto,Universitas Islam Negeri Syarif Hidayatullah Jakarta
Finola Marta Putri,"Dosen Pendidikan Matematika, Universitas Islam Negeri Syarif Hidayatullah Jakarta"
Bahrul Yaman,UIN Syarif Hidayatullah Jakarta
Titi Khikmah,uin syarif hidayatullah jakarta
Robi Sugara,"Department of International Relations, Universitas Islam Negeri (UIN) Syarif Hidayatullah …"
Dila Fairusi,Universitas Islam Negeri Syarif Hidayatullah Jakarta
"Hj.Fitriana,MA,M.Ed,Ph.D",Dosen Magister Ilmu AlQuran&Tafsir Fakultas Ushuluddin UIN Syarif Hidayatullah Jakarta
Leis Suzanawaty,Universitas Islam Negeri Syarif Hidayatullah Jakarta
Nina Fitriyati,UIN Syarif Hidayatullah Jakarta
Anugrah Azhar,"Physics Study Program, Faculty of Science and Technology, UIN Syarif Hidayatullah Jakarta"
Fitriyani Zein (http://orcid.org/0000-0001-7451-0319),Universitas Islam Negeri Syarif Hidayatullah Jakarta
Nuryudi UIN Jakarta,Universitas Islam Negeri Syarif Hidayatullah Jakarta
Fathudin Kalimas,"Faculty of Shariah and Law, Syarif Hidayatullah State Islamic University Jakarta"
Viviana Lisma Lestari,UIN Syarif Hidayatullah Jakarta
Albiansyah,Syarif Hidayatullah State Islamic University of Jakarta
Febrianti,UIN Syarif Hidayatullah Jakarta
Tasman,Uin Syarif Hidayatullah Jakarta
Iting Shofwati,Universitas Islam Negeri Syarif Hidayatullah Jakarta
Utami Baroroh,"Dosen Ekonomi, UIN Syarif Hidayatullah Jakarta"
Djaka Badranaya,"Lecturer of Economics Development, UIN Syarif Hidayatullah Jakarta"
Ria Safitri,Universitas Islam Negeri Syarif Hidayatullah Jakarta
Aqilah Nafisah16,.Uin Syarif Hidayatullah Jakarta
Ismet Firdaus,"Lecture of social work, UIN Jakarta"
Risahmawati,"Faculty of Medicine, Universitas Islam Negeri Syarif Hidayatullah Jakarta"
Audrey ismiya  Yusman,"Mahasiswa, UIN SyarifHidayatullah Jakarta"
Ratna  Faeruz,(SCOPUS ID: 57421016400) UIN Syarif Hidayatullah Jakarta
"Dr. Fatmawati, M.Ag",Scopus ID 59197065300 Orcid ID 0000-0002-3617-3697 UIN Syarif Hidayatullah Jakarta
Busman Sjam,"UIN Syarif Hidayatullah Jakarta, STIE Gotong Royong Jakarta,  Universitas Islam Attahiriyah …"
Suci Ramadhan,Universitas Islam Negeri Syarif Hidayatullah Jakarta
Diamantin Rohadatul Aisy,UIN Syarif Hidayatullah Jakarta
Abd. Muid Nawawi,Universitas Islam Negeri Syarif Hidayatullah Jakarta
Siti Nur Aisyah Jauharoh,universitas islam negeri syarif hidayatullah jakarta
Juwika Afrita,Universitas Islam Negeri Syarif Hidayatullah Jakarta
A. Silvan Erusani,UIN Syarif Hidayatullah jakarta
Ahmad Khoiri,Universitas Islam Negeri Syarif Hidayatullah Jakarta
Yuli Yasin,UIN Syarif Hidayatullah Jakarta
"Dr. H. Aminudin Yakub, MA",UIN Syarif Hidayatullah Jakarta
Fajar Agustian,UIN JAKARTA
Helmi Hidayat,Dosen UIN Syarif Hidayatullah Jakarta
Wara Alfa Syukrilla,"UIN Syarif Hidayatullah, Jakarta"
"Desi Nahartini, M.Ed",Universitas Islam Negeri Syarif Hidayatullah Jakarta
Adi Riyadhi,UIN Syarif Hidayatullah Jakarta
Nur Wachidah Yulianti,UIN Syarif Hidayatullah Jakarta
Halid UIN Jakarta,"Universitas Islam Negeri Syarif Hidayatullah Jakarta, Indonesia"
Suhada,Universitas Islam Negeri Syarif Hidayatullah Jakarta
Arif Tjahjono,UIN Syarif Hidayatullah Jakarta
Hamidullah Mahmud,"Doktor Ilmu al-Quran dan Tafsir, UIN Syarif Hidayatullah Jakarta"
Nadya Kharima,UIN SYARIF HIDAYATULLAH JAKARTA
Dela Aristi,Dosen Universitas Islam Negeri Syarif Hidayatullah Jakarta
Siti Maryam,UIN Syarif Hidayatullah Jakarta
Nunuk Adiarni,uin syarif hidayatullah jakarta
Pia Khoirotun Nisa,UIN Syarif Hidayatullah Jakarta
Azrifitria UIN Jakarta,Universitas Islam Negeri Syarif Hidayatullah Jakarta
Nasichah UIN Jakarta,"Doktor Psikologi Komunikasi, UIN Syarif Hidayatullah Jakarta"
M. Suryadinata,UIN Syarif Hidayatullah Jakarta. ID SInta: 6127247
Haniah Hanafie,UIN Syarif Hidayatullah Jakarta
Puspi Eko Wiranthi,Universitas Islam Negeri Syarif Hidayatullah Jakarta
Faris Satria Alam,uin syarif hidayatullah jakarta
Umi Musyarrofah,Universitas Islam Negeri Syarif Hidayatullah Jakarta
Dwi Jayanti,Universitas Islam Negeri (UIN) Syarif Hidayatullah Jakarta
Imam Sujoko,UIN Syarif Hidayatullah Jakarta
Hotnidah Nasution ( orcid.org/0000-0003-1406-8375 ),UIN Syarif Hidayatullah Jakarta
Marita Fadhilah,Syarif Hidayatullah State Islamic University Jakarta
Ahmad Azwar Habibi,"UIN Syarif Hidayatullah, Jakarta, Indonesia"
Dwiky Ari Saputra,Universitas Islam Negeri Syarif Hidayatullah Jakarta
Rifqi Muhammad Fatkhi,"Lecturer of Hadith Studies, Syarif Hidayatullah State Islamic University Jakarta"
"Dr. Raswan, M.Pd., M.Pd.I",UIN Syarif Hidayatullah Jakarta
Yayah Nurmaliyah,UIN Syarif Hidayatullah Jakarta
nurdelima waruwu,UIN Syarif Hidayatullah Jakarta
Fita Fathurokhmah,Universitas Islam Negeri Syarif Hidayatullah Jakarta
Valendra Granitha Shandika Puri,UIN Syarif Hidayatullah Jakarta
Neneng Tati Sumiati,Universitas Islam Negeri Syarif Hidayatullah Jakarta
M. Khamim,UIN Syarif Hidayatullah Jakarta
Farkhan Fuady,UIN Syarif Hidayatullah Jakarta
Ahmad Royani,UIN SYARIF HIDAYATULLAH JAKARTA
Luh Putu Suta Haryanthi,UIN Syarif Hidayatullah Jakarta
Meliana Sari,Universitas Islam Negeri Syarif Hidayatullah Jakarta
Bintan Humeira,"Doktor Ilmu Komunikasi, UIN Syarif Hidayatullah Jakarta"
Ryan Rizaldy,UIN Syarif Hidayatullah Jakarta
Imas Emalia,Dosen Sejarah Kebudayaan Islam Fakultas Adab UIN Jakarta
Inayatul Chusna,UIN Syarif Hidayatullah Jakarta
Siti Hanna,UIN Syarif Hidayatullah Jakarta
"Kamal F. Musa, Lc, MA.","Lecture of The Faculty of Sharia and Law, UIN Jakarta"
Eka Putri,Pharmacist UIN Syarif Hidayatullah Jakarta
Nurul Fauziyah,Mahasiswa UIN Syarif Hidayatullah Jakarta
Muhammad Kholis Hamdy,Dosen UIN Syarif Hidayatullah Jakarta
"Dr. Bahrissalim, MA FITK",UIN Syarif Hidayatullah Jakarta
Fadhilatul Hamdani,UIN Jakarta
DEVI SOLEHAT,UIN SYARIF HIDAYATULLAH JAKARTA
"Dr. Mauidlotun Nisa', M.Hum.",Syarif Hidayatullah State Islamic University Jakarta
Hasnul Insani Djohar,Universitas Islam Negeri Syarif Hidayatullah Jakarta
Ellya Pratiwi,UIN Syarif Hidayatullah Jakarta
Agus Nugraha,FISIP UIN Syarif Hidayatullah Jakarta
"Husnul Khitam, M.Si",Universitas Islam Negeri Syarif Hidayatullah Jakarta
Eva Fadilah,"Dosen Pendidikan Biologi, Universitas Islam Negeri Syarif Hidayatullah Jakarta"
Firas Arrasy,UIN Syarif Hidayatullah Jakarta dan LP3ES
Rizqy Nur Sholihat,Pendidikan Kimia UIN Syarif Hidayatullah Jakarta
Liany Luzvinda,UIN Syarif Hidayatullah Jakarta
Neng Sri Nuraeni,UIN Syarif Hidayatullah Jakarta
Supardi Salmu,UIN Syarif Hidayatullah Jakarta
Yessi Fitri,"Dosen Akuntansi, UIN Jakarta"
Neli Rahmaniah,"lecturer, UIN Jakarta"
Nailil Huda,UIN SYARIF HIDAYATULLAH JAKARTA
Erwin Hikmatiar,UIN Syarif Hidayatullah Jakarta
Alfitra UIN Jakarta,Universitas Islam Negeri Syarif HIdayatullah Jakarta
Windy Triana,"Universitas Islam Negeri, Syarif Hidayatullah Jakarta"
Firman Muhammad Abdurrohman Akbar,Universitas Islam Negeri Syarif Hidayatullah Jakarta
Fitriyani Fitriyani,Fakultas Syariah dan Hukum UIN Syarif Hidayatullah Jakarta
Dewi Rohma Wati,Syarif Hidayatullah State Islamic University Jakarta
Akhmad Zakky,"Lecturer, Syarif Hidayatullah State Islamic University of Jakarta"
"Tri Suryaningsih, MPd",Universitas Islam Negeri Syarif Hidayatullah Jakarta
Abdul Hafiz,Universitas Islam Negeri Syarif Hidayatullah Jakarta
Anissa Windarti,UIN Syarif Hidayatullah Jakarta
Rini Laili Prihatini,UIN Syarif Hidayatullah Jakarta
Dudun Ubaedullah,Universitas Islam Negeri Syarif Hidayatullah Jakarta
vivi anggia,UIN Syarif HIdayatullah Jakarta
Rizqi Handayani,Universitas Islam Negeri Syarif Hidayatullah Jakarta
Yopi Kusmiati,UIN Syarif Hidayatullah Jakarta
Ahmad Alfajri,Universitas Islam Negeri Syarif Hidayatullah Jakarta
Ivalaili,UIN Syarif Hidayatullah Jakarta
Najwa Khairina,"economics lecturer, uin syarif hidayatullah jakarta"
Puspita Palupi,UIN Syarif Hidayatullah Jakarta
Masrul Huda,Universitas Islam Negeri Syarif Hidayatullah Jakarta
Khohirul Hidayah,UIN Syarif Hidayatullah Jakarta
Dewi Salistina,"Dosen Psikologi Pendidikan, UIN Syarif Hidayatullah Jakarta"
Ismi Rahmayanti,Sekolah Pascasarjana UIN Syarif Hidayatullah Jakarta
Tito Tri Kadafi,"Direktur Bastra ID dan Pendidikan Bahasa dan Sastra Indonesia, UIN Syarif Hidayatullah …"
"Ali Thaufan Dwi Saputra, M.Ag.",UIN Syarif Hidayatullah Jakarta
Nur Amaliah Solihat,Universitas Islam Negeri Syarif Hidayatullah Jakarta
Puji Astuti,Universitas Islam Negeri Syarif Hidayatullah Jakarta
Junaidi Simun,"Researcher, Center for the Study of Religion and Culture State Islamic University (UIN) …"
Fathun Karib,"Lecturer, Department of Sociology, Universitas Islam Negeri Syarif Hidayatullah, Jakarta"
Abdul Azis,Universitas Islam Negeri Syarif Hidayatullah (UIN) Jakarta
Muhammad Nida' Fadlan,Syarif Hidayatullah State Islamic University (UIN) of Jakarta
Nurmaya Arofah,UIN SYARIF HIDAYATULLAH JAKARTA
Wati Nilamsari,UIN Syarif Hidayatullah Jakarta
Musfiroh Nurlaili H,UIN Syarif Hidayatullah Jakarta
Humaidi,Universitas Islam Negeri Syarif Hidayatullah Jakarta
Kiky Rizky,UIN Syarif Hidayatullah - Jakarta
"Suci Ahda Novitri, M.Si., Apt","Program Studi Farmasi, Fakultas Ilmu Kesehatan, Universitas Islam Negeri Syarif …"
M. Khoirul Huda,Dosen Ilmu Hadis UIN Syarif Hidayatullah Jakarta
Ardian Khairiah,"Departement of Biology, UIN Syarif Hidayatullah Jakarta"
Faris Maulana Akbar,Mahasiswa UIN Syarif Hidayatullah Jakarta
Dina Rahma Fadlilah,UIN Syarif Hidayatullah Jakarta
Ahmad Zaky,UIN Syarif Hidayatullah Jakarta
Atiyatul Ulya,UIN Syarif Hidayatullah Jakarta
Dzikri Rahmat Romadhon,"Lecturer, Universitas Islam Negeri Syarif Hidayatullah Jakarta, (Scopus Author ID …"
Isna Rahmawati,UIN Syarif Hidayatullah Jakarta
Muhamad Fahri,UIN Syarif Hidayatullah Jakarta
Takiddin,UIN SYARIF HIDAYATULLAH JAKARTA
M. Agus Suriadi,UIN Syarif Hidayatullah Jakarta
Nina Farlina,Universitas Islam Negeri Syarif Hidayatullah Jakarta
Ali Hanafiah Selian,UIN Syarif Hidayatullah Jakarta
Fahma Rianti,Universitas Islam Negeri Syarif Hidayatullah Jakarta
Atik Yuliyani,UIN Syarif Hidayatullah Jakarta
Sri Hidayati,UIN Syarif Hidayatullah Jakarta
Sirojuddin Aly,Universitas Islam Negeri Syarif Hidayatullah Jakarta
Raihana Nadra Alkaff,Universitas Islam Negeri (UIN) Jakarta
Farida Hidayati,UIN Syarif Hidayatullah Jakarta
WG. Pramita Ratnasari,"antropologi, UIN Syarif HIdayatullah Jakarta"
Mara Sutan Rambe,UIN Jakarta
Achmad Zaki,"Orthopaedic Surgeon, Lecturer, School of Medicine, Medical Faculty Jakarta Islamic State …"
Ade Rina Farida,"UIN Syarif Hidayatullah, Jakarta"
M. Anang Jatmiko,UIN Syarif Hidayatullah Jakarta
Febri Dirgantara Hasibuan,lecturer UIN Jakarta
Yanne Irene,"Fakultas Sains danTeknologi, UIN Syarif Hidayatullah Jakarta"
moh. nailul muna,UIN Syarif Hidayatullah Jakarta ID Scopus: 58188659300 https://orcid.org/0009-0001-9668 …
"Neneng Nurjanah, M.Hum.",Universitas Islam Negeri Syarif Hidayatullah Jakarta
Andri Noor Ardiansyah,UNIVERSITAS ISLAM NEGERI SYARIF HIDAYATULLAH JAKARTA
"Dr.Yuminah, MA,Si",Universitas Islam Negeri Syarif Hidayatullah Jakarta
Ima Sri Rahmani,UIN Syarif Hidayatullah Jakarta
Fauziah Muslimah,UIN Syarif Hidayatullah Jakarta
"Dr. Maswani, MA",Universitas Islam Negeri Syarif Hidayatullah Jakarta
Desmaliza,UIN Syarif Hidayatullah Jakarta
"Maria Ulfa, MA, M.Hum.","English Literature Department, Universitas Islam Negeri (UIN) Syarif Hidayatullah Jakarta"
"Daud Lintang, SSI, MA",Universitas Islam Negeri Syarif Hidayatullah Jakarta
Zaenal Muttaqin,Universitas Islam Negeri Syarif Hidayatullah Jakarta
Tien Rohmatin,UIN Syarif Hidayatullah Jakarta
Mary Silvita,"UIN Syarif Hidayatullah Jakarta, UIN Sumatera Utara."
Pita Merdeka,UIN Syarif Hidayatullah Jakarta
Tati Zera,"Prodi Fisika, Fakultas Sain dan Teknologi, UIN Syarif Hidayatullah Jakarta"
Dini Tryastuti,UIN Jakarta
Ellies Sukmawati,UIN Jakarta
muhammad ismail,UIN Syarif Hidayatullah Jakarta
Fatihunnada Fatihunnada,UIN Syarif Hidayatullah Jakarta
"Rosita Tandos, M.Ag., MA., M.ComDev., Ph.D",UIN Syarif Hidayatullah Jakarta
Muna Nur Azizah Ashidiqi,"Mahasiswi Sejarah dan Peradaban Islam, UIN Syarif Hidayatullah Jakarta"
saifudin,UIN Syarif Hidayatullah Jakarta
Isra Janatiningrum,UIN Syarif Hidayatullah Jakarta
Febia Ghina Tsuraya,Universitas Islam Negeri Syarif Hidayatullah Jakarta
Mabrurotul Mustafidah,"Program Studi Farmasi, UIN Syarif Hidayatullah Jakarta"
Joharotul Jamilah,"Dosen Senior, Universitas Islam Negeri Syarif Hidayatullah Jakarta"
Yustiyani,UIN Syarif Hidayatullah Jakarta
syairul bahar,UIN Syarif Hidayatullah Jakarta
Iman Matin,"Prodi Pendidikan Bahasa Arab, UIN Jakarta"
"Firman El Amny Azra, SH, M.Sc","Lecturer of Management, Universitas Islam Negeri Syarif Hidayatullah Jakarta"
Syamsul Yakin,UIN Syarif Hidayatullah Jakarta
Muhaza Liebenlito,UIN Syarif Hidayatullah Jakarta
Santi Yustini,UIN Syarif Hidayatullah Jakarta
Zaenal Muttaqin,UIN Syarif Hidayatullah Jakarta
Raspiani,Universitas Islam Negeri Syarif Hidayatullah Jakarta
"Dr. Alimin, M.Ag UIN Jakarta",UIN Syarif Hidayatullah Jakarta
"Dr. Suryani, M.Si",FISIP UIN  Syarif Hidayatullah Jakarta
Mohammad Syairozi Dimyathi Ilyas,UIN Syarif Hidayatullah Jakarta
Taufiq Al Farizi,Universitas Islam Negeri Syarif Hidayatullah Jakarta
Tuty Handayani,UIN Syarif Hidayatullah Jakarta
FUJI HERNAWATI KUSUMAH,UIN Syarif Hidayatullah Jakarta
"Hani Hilyati Ubaidah, M.Ag",UIN SYARIF HIDAYATULLAH JAKARTA -FITK
"Dr. Yuminah Rohmatullah, M.Si",Universitas Islam Negeri Syarif Hidayatullah Jakarta
Masyrofah,UIN Syarif Hidayatullah Jakarta
ahmad sofyan,uin syarif hidayatullah jakarta
Sandi Santosa,uin jakarta ilmu hadis fakultas ushuluddin
"Muhammad Sairi, M.Ag.",Lecturer of SAA UIN Jakarta. ID Sinta: 6785960 ID Garuda: 1416737
Rusli Hasbi,UIN Syarif Hidayatullah Jakarta
Inggrid Galuh Mustikawati,Dosen FISIP UIN SYARIF HIDAYATULLAH JAKARTA
M. Adib Misbachul Islam,UIN Syarif Hidayatullah Jakarta
Parlindungan Siregar,Universitas Islam Negeri Syarif Hidayatullah Jakarta
Ulil Abshar,Universitas Islam Negeri Syarif Hidayatullah Jakarta
"Drs. Ahmad Syatibi, M.Ag.",Universitas Islam Negeri Syarif Hidayatullah Jakarta
"Dr. Abdul Ghofur, MA",Universitas Islam Negeri Syarif Hidayatullah Jakarta
"Izza Hananingtyas, M.Kes","Asisten Ahli, Prodi Kesehatan Masyarakat, Fakultas Ilmu Kesehatan, UIN Syarif Hidayatullah …"
"Ahmad  Dimyati, M.Pd.",Universitas Islam Negeri (UIN) Syarif Hidayatullah Jakarta
Erfira Fauzi,Staf Pengajar FK UIN Syarif Hidayatullah Jakarta
"Prilla Kurnia Ningsih, Lc., ME.Sy",UIN Syarif Hidayatullah Jakarta
Rosdiana,"Islamic Law, UIN Syarif Hidayatullah Jakarta"
Saiful Bahri,uin syarif hidayatullah jakarta
Ela Laelasari,Universitas Islam Negeri Syarif Hidayatullah Jakarta
Tanenji,Universitas Islam Negeri Syarif Hidayatullah Jakarta
Ahmad Rifqi Muchtar,UIN Syarif Hidayatullah Jakarta
Qosim Arsadani,UIN Syarif Hidayatullah Jakarta
Saifurrohman,UIN Syarif Hidayatullah Jakarta
Syarief Hasan Lutfie,"UIN Jakarta, Department of Physical Medicine and Rehabilitation"
Ali Mansur,UIN Syarif Hidayatullah Jakarta
Parhan Hidayat,Universitas Islam Negeri Syarif Hidayatullah Jakarta
Tini Anggraeni,UIN Syarif Hidayatullah Jakarta
Siti Amsariah,Universitas Islam Negeri Syarif Hidayatullah Jakarta
Qusthan AH Firdaus,"UIN Syarif Hidayatullah, Jakarta"
Evi Muliyah,UIN Syarif Hidayatullah Jakarta
Fauzan Aldiansyah,"UIN Syarif Hidayatullah Jakarta, Indonesia"
Kalsum Minangsih,UIN Syarif Hidayatullah Jakarta
N. Lalah Alawiyah,Syarif Hidayatullah State Islamic University of Jakarta
"Nurhasanah Dr., M.Ag. (orcid.org/0000-0001-5636-7440)",UIN Syarif Hidayatullah Jakarta
Sundaniawati Safitri,Universitas Islam Negeri Syarif Hidayatullah Jakarta
Ahmad Irfan Mufid,Master of Islamic Education UIN Syarif Hidayatullah Jakarta
Luthfi Hasanal Bolqiah,Universitas Islam Negeri Syarif Hidayatullah Jakarta
Farhan Muhammad,Universitas Islam Negeri Syarif Hidayatullah Jakarta
Nurhalimah,UIN Syarif Hidayatullah Jakarta
Muhammad Muammar Alwi,UIN Syarif Hidayatullah Jakarta
Priyambodo,Pusat Laboratorium Terpadu - UIN Syarif Hidayatullah Jakarta
Abel Parvez,"Mahasiswa, UIN Syarif Hidayatullah Jakarta"
Ahmad Sofwan Fauzi,UIN Syarif Hidayatullah Jakarta
Tira Mutiara,UIN Syarif Hidayatullah Jakarta
M. Najib Tsauri,UIN Syarif Hidayatullah Jakarta
Minatur Rokhim,UIN Syarif Hidayatullah Jakarta
Ahmad Kusyairi Suhail,UIN Syarif Hidayatullah Jakarta
Rahmat Hidayatullah,Universitas Islam Negeri Syarif Hidayatullah Jakarta
Waliyadin,Universitas Islam Negeri Syarif Hidayatullah Jakarta
Abdul Wahid,UIN Syarif Hidayatullah Jakarta
Ahmad Syauqi,Syarif Hidayatullah State Islamic University of Jakarta
Afried Lazuardi,UIN Syarif Hidayatullah Jakarta
Yulyani  Nur Azizah,"Faculty of Science and Technology, Universitas Islam Negeri Syarif Hidayatullah Jakarta"
Nunung Isnaini Dwi Ningsih,UIN Syarif Hidayatullah Jakarta
Muhajirin Muhajirin,UIN Syarif Hidayatullah Jakarta
Achmad  Fudhaili,Universitas Islam Negeri Syarif Hidayatullah Jakarta
"Yudi Setiadi, SE.,ME",Universitas Islam Negeri Syarif HIdayatullah Jakarta
Wiwi Siti Sajaroh,UIN Syari fHidayatullah Jakarta
Kustiwan Syarief,PBI-FITK UIN Syarif Hidayatullah Jakarta
Lili Sudria Wenny,UIN Jakarta
Abdullah,Universitas Islam Negeri Syarif Hidayatullah Jakarta
"Dr. Dayu Aqraminas, M.Ag, MH","Pascasarjana UIN Syarif Hidayatullah Jakarta, Pascasarjana UPTIQ Jakarta, dan …"
Azilla Auri Pramesti,Student of Information Systems UIN Syarif Hidayatullah Jakarta
Anggun Nurhasanah,Universitas Islam Negeri Syarif Hidayatullah Jakarta
"Lili Supriyadi, S.Pd, MM",UIN Syarif Hidayatullah Jakarta
"Burhanuddin, MA UIN Jakarta",UIN Syarif Hidayatullah Jakarta
Titik Inayah,UIN Syarif Hidayatullah Jakarta
Muhammad Said,State Islamic University (UIN) Syarif Hidayatullah Jakarta
Mohamad Mujibur Rohman,UIN Syarif Hidayatullah Jakarta
Hilmy Firdausy,Universitas Islam Negeri Syarif Hidayatullah Jakarta
Afif Faizin,UIN Syarif Hidayatullah Jakarta
Murdiyah Hayati,Universitas Islam Negeri (UIN) Syarif Hidayatullah Jakarta
"Cut Dhien Nourwahida, BA., MA",UIN Syarif Hidayatullah Jakarta
Adi Prayitno,FISIP UIN Syarif Hidayatullah Jakarta
Tati Hartimah,Dosen Sejarah UIN Syarif Hidayatullah Jakarta
Reza Anis Maulidya,UIN Syarif Hidayatullah Jakarta
"Moria Fatma, M.Si DK-FITK",UIN Syarif Hidayatullah Jakarta
Nurmeilis UIN Jakarta,Farmasi UIN Syarif Hidayatullah Jakarta
Solicha,UIN Jakarta
Mahesa Paranadipa Maikel,Universitas Islam Negeri Syarif Hidayatullah Jakarta
Nabilah Utami,UIN Syarif Hidayatullah Jakarta
SITI NURFITRIANI,Universitas Islam Negeri Syarif Hidayatullah Jakarta
Rizka Amalia Putri,Universitas Islam Negeri Syarif Hidayatullah Jakarta
Afwan Faizin,UIN Syarif Hidayatullah Jakarta
Ahmad Syaifuddin Zuhri,Universitas Islam Negeri Syarif Hidayatullah Jakarta
Sahara Adjie Samudera,UIN Syarif Hidayatullah Jakarta
Nurin Nadzifatil Fitriyah,"Lecturer and Researcher at Faculty of Medicine UIN Syarif Hidayatullah Jakarta, Indonesia"
Khoirul Ulum,UIN Syarif Hidayatullah Jakarta
Intan Permata Sari,Universitas Islam Negeri Syarif Hidayatullah Jakarta
Syahirul Alim,UIN Syarif Hidayatullah Jakarta
Waki Ats Tsaqofi,UIN Syarif Hidayatullah Jakarta
Mufidah,UIN Syarif Hidayatullah Jakarta
Rahmi Fitriyanti,"Program Studi Hubungan Internasional, FISIP UIN Syarif Hidayatullah Jakarta"
saadatul Jannah,State Islamic University (UIN) Syarif Hidayatullah Jakarta
Iffatul Umniati,UIN SYARIF HIDAYATULLAH JAKARTA
Mardiyanti Mardiyanti,uin syarif hidayatullah jakarta
"Dr. Bustamin, SE, MM",Dosen Hadis UIN Jakarta
Ali Wafa,UIN Syarif Hidayatullah Jakarta
Rusdi Jamil,UIN Syarif Hidayatullah Jakarta
M. Farid / M. Farid Hamzens,Universitas Islam Negeri Syarif Hidayatullah Jakarta
Remila  Selvany,Universitas Islam Negeri Syarif Hidayatullah Jakarta
NAZARATUN THAIYIBAH,Dosen Fakultas Kedokteran UIN Syarif Hidayatullah Jakarta
Sarah Qosim,UIN Syarif Hidayatullah Jakarta
Muhamad Syukur,Universitas Islam Negeri Syarif Hidayatullah Jakarta
Lisma Dyawati Fuaida,"Social Work Lecturer, Syarif Hidayatullah State Islamic University (UIN) of Jakarta"
"Ela Patriana, MM, AAAIJ",UIN Syarif Hidayatullah Jakarta
Mukhamad Saifunnuha,Sekolah Pascasarjana UIN Syarif Hidayatullah Jakarta
Azis Arifin,Universitas Islam Negeri Syarif Hidayatullah Jakarta
Muhammad Fanshoby,Universitas Islam Negeri Syarif Hidayatullah Jakarta
Yuliati Yuliati,"Mikrobiologi, Universitas Islam Negeri Syarif Hidayatullah Jakarta"
Taufiqurrahman,UIN Syarif Hidayatullah Jakarta
Irfan Masud Abdullah,UIN Syarif Hidayatullah Jakarta
"Indah Fadhilla, SS, M.Hum.",UIN Syarif Hidayatullah Jakarta; Universitas Indonesia
Amrullah Hasbana,Uin Syarif Hidayatullah Jakarta
"Nisrina Mutiara Dewi, SE,SY., MH",UIN Syarif Hidayatullah Jakarta
"Sardjana, Atmadja",UIN Syarif Hidayatullah Jakarta
M. Junaidi,UIN Syarif Hidayatullah Jakarta
Putra Adi Syani,Universitas Islam Negeri Syarif Hidayatullah Jakarta
Muammar Aditya,Universitas Islam Negeri (UIN) Syarif Hidayatullah Jakarta
May Esti Wulandari,uin Syarif Hidayatullah Jakarta
Faisal Nurdin Idris,"Political Science and International Relations, UIN Syarif Hidayatullah Jakarta"
Irhamsyah Putra,Universitas Islam Negeri Syarif Hidayatullah Jakarta
Siti Uriana Rahmawati,Universitas Islam Negeri Syarif Hidayatullah Jakarta
Wilda Nurjannah,Universitas Islam Negeri Syarif Hidayatullah Jakarta (UIN Jakarta)
Yaniah Wardani,Universitas Islam Negeri Syarif Hidayatullah Jakarta
Mu'min Roup,Universitas Islam Negeri Syarif Hidayatullah Jakarta
Noor Arief,Universitas Islam Negeri Syarif Hidayatullah Jakarta
Ulfah Nur Azizah,UIN Syarif Hidayatullah Jakarta
Dini Permana Sari,UIN Syarif Hidayatullah Jakarta
Rahmat Ferdian Andi Rosidi,UIN Syarif Hidayatullah Jakarta
Reza Hendra Putra,Universitas Islam Negeri Syarif Hidayatullah Jakarta
Deden Bagus Saputra,UIN Syarif Hidayatullah Jakarta
Sri Rejeki,UIN Syarif Hidayatullah Jakarta
Neneng Sunengsih,UIN Syarif Hidayatullah Jakarta
Sutrisno,UIN Syarif Hidayatullah jakarta
Erike  A.Suwarsono,"UIN Syarif Hidayatullah Jakarta, Syarif Hidayatullah State Islamic University"
MU'ARIF SAM,Universitas Islam Negeri Syarif Hidayatullah Jakarta
"Syaripulloh, M.Si",Universitas Islam Negeri Syarif Hidayatullah Jakarta
Silvia Fitrina Nasution,Universitas Islam Negeri Syarif Hidayatullah Jakarta
Abdul azis,UIN Syarif Hidayatullah Jakarta
karyadi Ph.D,UIN Syarif Hidayatullah Jakarta
Tata Azzahra Salsabila Rosie,UIN Syarif Hidayatullah Jakarta
Yeni Ratna Yuningsih,Universitas Islam Negeri Syarif Hidayatullah Jakarta
Hatta Achmad,Universitas Islam Negeri Syarif Hidayatullah Jakarta
Deny Saputra,"Laboran, Universitas Islam Negeri Syarif Hidayatullah Jakarta"
"Drs. Ahmad Musir, M.Sc, Apt",Universitas Islam Negeri Syarif Hidayatullah Jakarta
Faaza Bil Amri,Universitas Islam Negeri Syarif Hidayatullah Jakarta
"Dr. Romlah Abubakar Askar, MA.",UIN Syarif Hidayatullah Jakarta
Muslim Kamil,UIN Syarif Hidayatullah Jakarta
Lebba,UIN Syarif Hidayatullah Jakarta
"Supriyadi, Ph.D.",UIN Syarif Hidayatullah Jakarta
Fauzun Jamal,"UIN Syarif Hidayatullah, Jakarta, Indonesia"
"Akhmad Yusuf, M.Hum","Sejarawan, Universitas Islam Negeri Syarif Hidayatullah Jakarta"
Sukma Mardiyah Panggabean,Bachelor of Public Health UIN Syarif Hidayatullah Jakarta; Master of Defense Indonesia …
Rr. Ayu Fitri Hapsari,"Dosen FK, UIN Syarif Hidayatullah Jakarta"
"Dwi Ratnasari, M.Pd.",Universitas Islam Negeri (UIN) Syarif Hidayatullah
Johan Aristya Lesmana,UIN Syarif Hidayatullah Jakarta
Fitriana Rahayu,Universitas Islam Negeri Syarif Hidayatullah Jakarta
DANIA DEDI,Universitas Islam Negeri Syarif Hidayatullah Jakarta
Ahmad Muchlishon,SPs UIN Syarif Hidayatullah Jakarta
Muhamad Firdaus,UIN Syarif Hidayatullah Jakarta
Muhammad Syafa'at Yaasin,"Ekonomi Syariah, UIN Syarif Hidayatullah Jakarta"
Mukmin Suprayogi,Universitas Islam Negeri Syarif hidayatullah Jakarta
Raden Rara Bhintarti Suryohastari,UIN SYARIF HIDAYATULLAH JAKARTA
Noor Bekti Negoro,Universitas Islam Negeri Syarif Hidayatullah Jakarta
Siti Khadijah,UIN Syarif Hidayatullah Jakarta
zainal muttaqin,uin syarif hidayatullah jakarta
Wahyu Maulana Firdaus,Universitas Islam Negeri Syarif Hidayatullah Jakarta
Arisatul muwafiqoh,UIN Syarif Hidayatullah Jakarta
barita juliano siregar,UIN JAKARTA
Iif Fikriyati Ihsani,Pranata Humas of UIN Syarif Hidayatullah Jakarta
Dimas Firli Maulana,UIN Syarif Hidayatullah Jakarta
Artiarini Puspita Arwan,UIN Syarif Hidayatullah Jakarta
Ghilmanul Wasath,"Fakultas Dirasat Islamiyah, Universitas Islam Negeri (UIN) Syarif Hidayatullah Jakarta"
Ace Hasan Syadzily,"Ilmu Sosial, UIN Syarif Hidayatullah Jakarta"
Muhammad Habiburrohman,UIN Syarif Hidayatullah Jakarta
Silka Sofyani,UIN Syarif Hidayatullah Jakarta
Dadan Nugraha,UIN Syarif Hidayatullah Jakarta
Zakaria,UIN Syarif Hidayatullah Jakarta
Intan Zakiyyah,UIN Syarif Hidayatullah Jakarta
Fitriyani,UIN Syarif Hidayatullah Jakarta DPK UNUSIA Jakarta
Putri Dwi Bralianti,"Profesi Dokter, Universitas Islam Negeri Syarif Hidayatullah Jakarta"
"Dr. M. Agung Rahmadi, MSi.",Doctoral Program (S3) in Graduate Schools UIN Syarif Hidayatullah Jakarta
"Riana Mardila, MIR",UIN Syarif Hidayatullah Jakarta
Mastanah Mastanah,"Dakwah, Universitas Islam Negeri Syarif Hidayatullah Jakarta"
Meytaa Safitryy,Universitas Islam Negeri Syarif Hidayatullah Jakarta
Aep Saepulloh,Fakultas Dirasat Islamiyah UIN Syarif Hidayatullah Jakarta
"Dr. Ahmadih Rojalih Jawab, Lc., LL. M","Manajemen Dakwah, UIN Jakarta"
Abdul Alim Mahmud,UIN Syarif Hidayatullah Jakarta
Makyun Subuki,Universitas Islam Negeri Syarif Hidayatullah Jakarta
Saifullah Kamalie,Dosen Penerjemahan Prodi Tarjamah Fakultas Adab dan Humaniora UIN Syarif …
Sugiharto,Universitas Islam Negeri Syarif Hidayatullah Jakarta
Sopian Lubis,IAIN Pontianak & UIN Syarif Hidayatullah Jakarta
Agung Perdana Kusuma,Universitas Islam Negeri Syarif Hidayatullah Jakarta
Siti Sarah,Universitas Islam Negeri Syarif Hidayatullah  Jakarta
Rakha Pratama,Universitas Islam Negeri Syarif Hidayatullah Jakarta
Amin Indra Wahyuni,Universitas Islam Negeri Syarif Hidayatullah Jakarta
Atiqah UIN Jakarta,UIN Syarif Hidayatullah Jakarta
Muhammad Rasyid Ridlo,Universitas Islam Negeri Syarif Hidayatullah Jakarta
Rina Suryani,UIN Syarif Hidayatullah Jakarta
Dini Anggreini Khairunnisa,"Magister Ekonomi Syariah, UIN Syarif Hidayatullah Jakarta"
Arief Mahmudi,UIN Syarif Hidayatullah Jakarta
"Dr.H.SALMAN TUMANGGOR, M.Pd",Syarif Hidayatullah State Islamic University Jakarta
Salman Tumanggor,UIN Syarif Hidayatullah Jakarta
M. Akhfas Syifa Afandi,UIN Syarif Hidayatullah Jakarta
Malik Abdul Karim,Universitas Islam Negeri Syarif Hidayatullah Jakarta
Ayi Yusri Ahmad Tirmidzi,"Pascasarjana, UIN Syarif Hidayatullah Jakarta"
Muhammad Khairul Mustaghfirin,Universitas Islam Negeri (UIN) Syarif Hidayatullah Jakarta
Dora Hatika Pertiwi,UIN Syarif Hidayatullah Jakarta
"Dr. Layyinah, S.Psi., M.Si",UIN SYARIF HIDAYATULLAH JAKARTA
Ellies Sukmawati,uin syarif hidayatullah jakarta
Annisa Nur,UIN Syarif Hidayatullah Jakarta
Sarah Hajar Mahmudah,UIN Syarif Hidayatullah Jakarta
Al Fadhli Al Fadhli,uin jakarta ilmu tasawuf fakultas ushuluddin
M. Ma'ruf Misbah,UIN Syarif Hidayatullah Jakarta
Auliyani Andam Suri,UIN Syarif Hidayatullah Jakarta
Estu Mahanani Dhilasari,"Program Studi Farmasi, Fakultas Ilmu Kesehatan, UIN Syarif Hidayatullah Jakarta"
Nurlaely Mida Rachmawati,Universitas Islam Negeri Syarif Hidayatullah Jakarta
Luluk Hermawati,"Lecture, Biology Departemen, UIN Syarif Hidayatullah Jakarta"
Fitria UIN Jakarta,"Dosen Hukum Internasional, UIN Jakarta"
Mufidatul Khoiruroh,Universitas Islam Negeri Syarif Hidayatullah Jakarta
Muhammad Ronaydi,Universitas Islam Negeri Syarif Hidayatullah Jakarta
Tazkia Safira Yasmin,Universitas Islam Negeri Syarif Hidayatullah Jakarta
Imam Gunawan,UIN Syarif Hidayatullah Jakarta
Mutiara Pertiwi,"Lektor, UIN Syarif Hidayatullah Jakarta"
Fahrizal Mahdi,UIN Syarif Hidayatullah Jakarta
Maulana Maulana,Universitas Islam Negeri Syarif Hidayatullah Jakarta
Andzar Fikranus Shofa,Universitas Islam Negeri Syarif Hidayatullah Jakarta
Marvel,"Pharmacy Study Program, Faculty of Health Sciences, UIN Syarif Hidayatullah Jakarta"
Muhammad Raihan Radyva Said,UIN Syarif Hidayatullah Jakarta
Fiki Khoirul Mala,Universitas Islam Negeri Syarif Hidayatullah Jakarta
Yusril Rahman,"Department of Science and Technology, Syarif Hidayatullah State Islamic University Jakarta …"
DEDE ALFIYAH NURHOVIVAH,UIN Syarif Hidayatullah Jakarta
Bani Nugroho,Universitas Islam Negeri Syarif Hidayatullah Jakarta
Fasjud Syukroni,UIN Syarif Hidayatullah Jakarta
Mukhammad Lutfi,Mahasiswa Pascasarjana Fakultas Adab dan Humaniora UIN Syarif Hidayatullah Jakarta
aulia latifa,"Mahasiswa Sarjana Akuntansi, Universitas Islam Negeri Syarif Hidayatullah Jakarta"
Agus Budiono,Dosen FST-UIN Jakarta
Achmad Ichsan Nusapati,UIN Syarif Hidayatullah Jakarta
Syarip Hidayatullah,UIN Syarif Hidayatullah Jakarta
M. Fahmi Hidayat (ORCID ID: https://orcid.org/0000-0003-2890-4151),Researcher Sharia Economics and Finance UIN Syarif Hidayatullah Jakarta
Nur Ernita,Universitas Islam Negeri Syarif Hidayatullah Jakarta
Hafidhoh Ma'rufah,Graduate School of Islamic State University Syarif Hidayatullah Jakarta
Sayid Ridho,Senior Lecturer of Faculty of Medicine UIN Syarif Hidayatullah Jakarta
Muchlas Noor Hidayat,Universitas Islam Negeri (UIN) Syarif Hidayatullah Jakarta
Puad Hasan,Islamic Thought UIN Syarif Hidayatullah Jakarta
Nor Islafatun,UIN Syarif Hidayatullah Jakarta
Halimah SM,UIN Syarif Hidayatullah Jakarta
"Firdausi, S.Si,M.Pd FITK",Universitas Islam Negeri Syarif Hidayatullah Jakarta
Haryatih,UIN Syarif Hidayatullah Jakarta
Femmy Nurul Akbar,Faculty of Medicine Universitas Islam Negeri Syarif Hidayatullah Jakarta
Agustina Senjayani,Syarif Hidayatullah State Islamic University of Jakarta
Muslim English Literature,UIN Syarif Hidayatullah Jakarta
"Milza N Rosad, SH, MARS",UIN Syarif Hidayatullah Jakarta
Lilis Wijayanti,UIN Syarif Hidayatullah Jakarta
Muhammad Arkaan Satria Utama,Mahasiswa Universitas Islam Negeri Syarif Hidayatullah Jakarta
Endra Kasni Laila Yuda,UIN Syarif Hidayatullah Jakarta
Nicko Pandawa,UIN Syarif Hidayatullah Jakarta
Desi Novita Sari,Universitas Islam Negeri Syarif Hidayatullah Jakarta
Aditya Aryo Nur Kusumo,UIN Syarif Hidayatullah Jakarta
Shelby Devianty Widodo,UIN Syarif Hidayatullah Jakarta
RASID,UIN Syarif Hidayatullah Jakarta
Praditiyo Riyadi,"Dosen Fisika, UIN Syarif Hidayatullah Jakarta"
fauzan hasibuan,Universitas Islam Negeri Syarif Hidayatullah Jakarta
Selvia Parwati Putri,UIN Syarif Hidayatullah Jakarta
MUHAMAD TAMAMUL IMAN,UIN Syarif Hidayatullah Jakarta
Eko Yudi Prasetyo,Uin Syarif Hidayatullah Jakarta
Muhammad Ikhlas Supardin,Syarif Hidayatullah State Islamic University Jakarta
Muhammad Soleh,"Antropologi dan sosiologi agama, Pengkajian Islam, UIN Jakarta"
Luqman Nulhakim,"Ilmu Hadis, UIN Syarif Hidayatullah Jakarta"
Suryani S.Si,UIN Syarif Hidayatullah Jakarta
MUHAMMAD FAIZ,UIN Syarif Hidayatullah Jakarta
Fatima El Zahraa,UIN Syarif Hidayatullah Jakarta
Dasrizal,UIN Syarif Hidayatullah Jakarta. ID Sinta: 6855221
Fahmi Muhammad Ahmadi (orcid.org/0000-0001-9821-2981),Universitas Islam Negeri Syarif Hidayatullah Jakarta
Muhammad Sholeh Hasan,Universitas Islam Negeri Syarif Hidayatullah Jakarta
Ganissufi Kautsar,"Sarjana Psikologi, UIN Syarif Hidayatullah Jakarta"
Eva Mushoffa,Universitas Islam Negeri Syarif Hidayatullah Jakarta
Waskito Wibowo,UIN Syarif Hidayatullah Jakarta
Rona Apriana Fajarwati,Universitas Islam Negeri Syarif Hidayatullah Jakarta
TS Rosyiidiani,UIN Syarif Hidayatullah Jakarta
Imroatus Sholehah,UIN Syarif Hidayatullah Jakarta
Devy Ariany,FK UIN Syarif Hidayatullah Jakarta
Novia Syifaputri Ramadhan,UIN Syarif Hidayatullah Jakarta
Basyir Arif,"Lecturer of Islamic Theology, UIN Syarif Hidayatullah Jakarta. ID Sinta: 6764263"
Fachrur Rajabani Ridwan,"Mahasiswa, UIN Syarif Hidayatullah Jakarta"
Fahmi Imam Fauzy,Peneliti Muda | Pusat Pengkajian Islam & Masyarakat (PPIM) UIN Syarif Hidayatullah …
Nur Hana Putri Nabila,"Mahasiswa, Universitas Islam Negeri Syarif Hidayatullah Jakarta"
Nani Ferdiani,UIN Syarif Hidayatullah Jakarta
Sela Deliana Putri,"Mahasiswi, Universitas Islam Negeri Syarif Hidayatullah Jakarta"
Reyhana Nabila Ismail,"UIN Syarif Hidayatullah Jakarta, Ikatan Penulis Mahasiswa Hukum Indonesia"
Ainin Rahmadini,"Hukum Tata Negara, Universitas Islam Negeri Syarif Hidayatullah Jakarta"
Bahtera Muhammad Persada,Mahasiswa UIN Syarif Hidayatullah Jakarta
Muhamad Rafi,UIN Syarif Hidayatullah Jakarta
Irfan Syuhudi,UIN Syarif Hidayatullah Jakarta
Saefudin,UIN Syarif Hidayatullah Jakarta
Aktobi Gozali,"ilmu filsafat, uin syarif hidayatullah Jakarta"
W. Oktaviano,Lecture of UIN Syarif Hidayatullah Jakarta
Budi Sulistiono,"Profesor Sejarah Dan Kebudayaan Islam, UIN Jakarta"
Arief Rahman Hakim,Dosen Sastra Inggris UIN Syarif Hidayatullah Jakarta
Elve Oktafiyani,"Lecturer, UIN Jakarta"
Femmy Diwidian,Universitas Islam Negeri Syarif Hidayatullah Jakarta
Avi Ainul Fikri,UIN Syarif Hidayatullah Jakarta
Ahmad Zulfi Aufar,Universitas Islam Negeri Syarif Hidayatullah Jakarta
Regina Meijiko,Universitas Islam Negeri Syarif Hidayatullah Jakarta
Supardi Razak,"Teknik Pertambangan, UIN Syarif Hidayatullah Jakarta"
Ika Maya Widiastuti,Universitas Islam Negeri Syarif Hidayatullah Jakarta
Dewi Ayu Kusumaningsih,Universitas Islam Negeri Syarif Hidayatullah Jakarta
"dr. Sarah At Tauhidah, MKM",Universitas Islam Negeri Syarif Hidayatullah Jakarta
Eska Dwipayana Pulungan,UIN Syarif Hidayatullah Jakarta
Meki Polanda,"Dialektika Institute, UIN Syarif Hidayatullah Jakarta"
"H. Muhammad Firdaus, BA., MA.,Ph.D",MMD-FDIKOM UIN SYARIF HIDAYATULLAH JAKARTA
Alyya Siddiqa Siregar,"Faculty of Medicine, Universitas Islam Negeri Syarif Hidayatullah Jakarta"
Syeiba Badra Uyunillah,Universitas Islam Negeri Syarif Hidayatullah Jakarta
Arman Budiman,Syarif Hidayatullah Islamic State University of Indonesia. Scopus Author ID: 59329242600
Lebba,Prodi Studi Agama-Agama UIN Syarif Hidayatullah Jakarta
dwika yuniarti,UIN Syarif Hidayatullah Jakarta
Wildian Fajrin Nur Rahman,UIN Syarif Hidayatullah Jakarta
Neng Sari Patisadiah,Universitas Islam Negeri Syarif Hidayatullah Jakarta
Nunung Khoiriyah,Universitas Islam Negeri Syarif Hidayatullah Jakarta
Risa Alivia,Universitas Islam Negeri Syarif Hidayatullah Jakarta
Siti Nurhayati,UIN Syarif Hidayatullah Jakarta
Abdurrosyid,UIN SYARIF HIDAYATULLAH JAKARTA
"Farida Wijayanti Rachman, SE",Universitas Islam Negeri Syarif Hidayatullah Jakarta
Heri Risnanto,Universitas Islam Negeri Syarif Hidayatullah Jakarta
Umi Kulsum,UIN Syarif Hidayatullah Jakarta
syairul bahar,Universitas Islam Negeri Syarif Hidayatullah Jakarta
"Riyan Adi Putra, M.Hum., CIQnR.",UIN Syarif Hidayatullah Jakarta
Razik Insani,Universitas Islam Negeri Syarif Hidayatullah Jakarta
Yanti Susianti,"lecturer, Universitas Islam Negeri Syarif Hidayatullah Jakarta"
Mohamad Farhan,UIN Syarif Hidayatullah Jakarta
Indri Garnasih,Universitas Islam Negeri Syarif Hidayatullah Jakarta
Wasil,UIN Syarif Hidayatullah Jakarta
Khalda Fadlah Fadhilah,Syarif Hidayatullah State Islamic University Jakarta
"Dr. Khalilah, M.Pd",Universitas Islam Negeri Syarif Hidayatullah Jakarta
Nadhia,uin syarif hidayatullah jakarta
Hasanuddin Sinaga,UIN Syarif Hidayatullah Jakarta
Alya Zahrani Fajriati,Universitas Islam Negeri Syarif Hidayatullah Jakarta
Ustufiarrizqi,UIN Syarif Hidayatullah Jakarta
"Al Muhdil Karim, S.IP, M.Hum.",Universitas Islam Negeri Syarif Hidayatullah Jakarta
SAZKIA,Universitas Islam Negeri Syarif Hidayatullah Jakarta
Diah Ramadiani,Universitas Islam Negeri Syarif Hidayatullah Jakarta
Salsabilla,UIN Syarif Hidayatullah Jakarta
Fajar Pinastia Arrahman,UIN Syarif Hidayatullah Jakarta
Zulmaneri Manir,Prodi Agribisnis UIN Syarif Hidayatullah Jakarta
Childa Faiza,UIN Jakarta
M. Husni Thamrin,UIN Syarif Hidayatullah Jakarta
"Dr. Rasiin, MA",UIN Syarif Hidayatullah Jakarta
Lulu Firdauz Ramadhani,UIN Syarif Hidayatullah Jakarta
Uliana Hidayatika,UIN Syarif Hidayatullah Jakarta
Alfina Pasca Khaira,UIN Syarif Hidayatullah Jakarta
Dina Irfaniyah,Universitas Islam Negeri Syarif Hidayatullah Jakarta
"Ir. Mulyanto Soerjodibroto, Ph.D.",UIN Syarif Hidayatullah Jakarta
Tubagus Muhammad Syukron,UIN Syarif Hidayatullah Jakarta
Firman Munthaha,UIN Syarif Hidayatullah Jakarta
Witri Ardini,UIN Syarif Hidayatullah Jakarta
Hasan Basri,Dosen Hadis dan Ilmu Hadis Fakultas Dirasat Islamiyah UIN Jakarta
Nawawi,UIN Syarif Hidayatullah Jakarta
Miftahuddin UIN Jakarta,"Lektor, UIN Jakarta"
Zikri Riza,UIN Syarif Hidayatullah Jakarta
Andi Syafrianda,"Sistem informasi , UIN Syarif Hidayatullah Jakarta"
Ida Ruspita,Mahasiswa Universitas Islam Negeri Syarif Hidayatullah Jakarta
Abdurrosyid,UIN Syarif Hidayatullah Jakarta
Melysa Wahyuningsih,UIN Syarif Hidayatullah Jakarta
Silvia Utami,UIN Syarif Hidayatullah Jakarta
Azizah Suryani,"Mahasiswa, UIN Syarif Hidayatullah Jakarta"
Abdul Hamid Cebba,Universitas Islam Negeri Syarif Hidayatullah Jakarta
Rahmat Hidayat,UIN Syarif Hidayatullah Jakarta
Fadhli Warman,UIN Syarif Hidayatullah Jakarta
Rurynta Ferly Shavira,"Dosen, Universitas Islam Negeri Syarif Hidayatullah Jakarta"
"Ahfa Rahman Syah, M.Hum",Universitas Islam Negeri Syarif Hidayatullah Jakarta
Syarifah Rusydah,UIN Syarif Hidayatullah Jakarta
Srihandayani Mangesti Rahayu,UIN Syarif Hidayatullah Jakarta
"Haula Sofiana, S.Kom.I.,M.Psi",Center for the Study of Religion and Culture (CSRC) UIN Syarif Hidayatullah Jakarta
"Diki Ramdani, MA",Sekolah Pascasarjana UIN Syarif Hidayatullah Jakarta
andi syafrani,UIN Syarif Hidayatullah Jakarta
Titi Farhanah,Syarif Hidayatullah State Islamic University Jakarta
Ratna Pelawati,uin Jakarta
"Dr. Ahmad Fudhaili, M.Ag",UIN Syarif Hidayatullah Jakarta
"dr. Sity Kunarisasi, MARS",UIN Syarif Hidayatullah Jakarta
Alfiah,Universitas Islam Negeri Syarif Hidayatullah Jakarta
Muhammad Ridhwan,UIN Syarif Hidayatullah Jakarta
Rifaldi Kelana,UIN Jakarta
Banun Binaningrum,UIN Syarif Hidayatullah Jakarta
Rafid Mauludi,Universitas Islam Negeri Syarif Hidayatullah Jakarta
M. Iqbal Nur Aulia Fazri,UIN Syarif Hidayatullah Jakarta
Moehammad Zoelfikar Zabier,UIN SYARIF HIDAYATULLAH JAKARTA
Satrio Adjie Wibowo,Universitas Islam Negeri Syarif Hidayatullah Jakarta
Dhea Urfina Zulkifli,Universitas Islam Negeri Syarif Hidayatullah Jakarta
Nanang Syaikhu,"jurnalistik, UIN Syarif Hidayatullah Jakarta"
Aa Saprudin,UIN Syarif Hidayatullah Jakarta
Ramza maulana,Mahasiswa Doctor Pengkajian Islam UIN Syarif Hidayatullah Jakarta
Syarif Hidayatullah,UIN Syarif Hidayatullah Jakarta
Alda Yuliana,Sejarah Peradaban Islam UIN Syarif Hidayatullah Jakarta
Masthuroh Zakiyah,UIN Syarif Hidayatullah Jakarta
Putri Yanda Fadila,"Pendidikan Matematika, Universitas Islam Negeri Syarif Hidayatullah Jakarta"
Nurmila Sari,Universitas Islam Negeri Syarif Hidayatullah Jakarta
Aldi Mujiyanto,UIN Syarif Hidayatullah Jakarta
"Dr. Faizah, M.Pd UINJKT",UIN Syarif Hidayatullah Jakarta
Nadea Salsabila Putri,"Islamic History and Civilization Department, UIN Syarif Hidayatullah Jakarta"
Barry Sandy Sadewo,Universitas Islam Negeri Syarif Hidayatullah Jakarta
Eva Marp'uah,UIN Syarif Hidayatullah Jakarta
Assifa Atsna Hanifa,UIN Syarif Hidayatullah Jakarta
Muhammad Ismail,UIN Syarif Hidayatullah Jakarta
Andromeda Nabella,"Teknik Pertambangan, UIN Syarif Hidayatullah Jakarta"
Hanna Hanifa Hira UIN,UIN Syarif Hidayatullah Jakarta
ALISA NURHIDAYAH,UIN Syarif Hidayatullah Jakarta
F Faisal,UIN Syarif Hidayatullah Jakarta
Hullatul Masruroh,Universitas Islam Negeri Syarif Hidayatullah Jakarta
Sendi Ramadhan,Universitas Islam Negeri Syarif Hidayatullah Jakarta
Navis Yusrizal,UIN Syarif Hidayatullah Jakarta
Masri Elmahsyar Bidin,UIN JAKARTA
nurhasan,Universitas Islam Negeri Syarif Hidayatullah Jakarta
Nia Tresniasari,UIN JAKARTA
Asrul Aziz,uin syarif hidayatullah jakarta
Muhammad Adam Hesa,Universitas Islam Negeri Syarif Hidayatullah Jakarta
Arif Tjahjono,"Program Studi Fisika, Fakultas Sains dan Teknologi, UIN Syarif Hidayatullah Jakarta"
Jumroni UIN Jakarta,UIN Jakarta
Muchtar Ali,Uin Syarif Hidayatullah Jakarta
Fauziyyah Imma Rahmatillaili,UIN Syarif Hidayatullah Jakarta
Sentoso Hidayat,UIN Syarif Hidayatullah Jakarta
"Drs. Harun Rasyid, M.Ag.",Universitas Islam Negeri Syarif Hidayatullah Jakarta
Rizki Mulyarahman,UIN Syarif Hidayatullah Jakarta
Abdul Haris,UIN Jakarta
Farah NH Agustina,UIN Syarif Hidayatullah Jakarta
Adang Asdari,UIN Syarif Hidayatullah Jakarta
Aden Achmaduddin Kamil El-Warits,Universitas Islam Negeri Syarif Hidayatullah Jakarta
Adelina Vidya Ardiyati,UIN Syarif Hidayatullah Jakarta
Faisal Hilmi,"UIN Syarif Hidayatullah Jakarta, PKTQ (Pusat Kajian Tafsir Qur'an)"
Muhamad Syahril Sidiq,UIN Syarif Hidayatullah Jakarta
Lilis Ratnasari,UIN Syarif Hidayatullah Jakarta
Dwi Ratiningsih,UIN Syarif Hidayatullah Jakarta
Tiara Angelia,"student, UIN JAKARTA"
"Lisfa Sentosa Aisyah, MA",Universitas Islam Negeri Syarif Hidayatullah Jakarta
Sahabuddin,UIN Syarif Hidayatullah Jakarta
"Dr Ridholloh,  M.Pd.I",Dosen UIN Syarif Hidayatullah Jakarta
Rurynta Ferly Shavira,"Dosen, Universitas Islam Negeri Syarif Hidayatullah Jakarta"
WAWAN KURNIAWAN,Fakultas Ushuluddin UIN Syarif Hidayatullah Jakarta
Afrohul Ishmah Harahap,Universitas Islam Negeri Syarif Hidayatullah Jakarta
Sukma Wijaya Hasibuan,Universitas Islam Negeri Syarif Hidayatullah Jakarta
Nurul Akhirati Hasanah,Universitas Islam Negeri Syarif Hidayatullah Jakarta
Nabilah,UIN Jakarta
Fikri Fahrul Faiz,Universitas Islam Negeri Syarif Hidayatullah Jakarta
Sarah Nidaul Hasanah,Universitas Islam Negeri Syarif Hidayatullah Jakarta
Musa Wardi,"Researcher, UIN Syarif Hidayatullah Jakarta"
Adenia Gustama,Universitas Islam Negeri Syarif Hidayatullah Jakarta
Fandi Ahmadmarlion,UIN Syarif Hidayatullah Jakarta
Miellaty Hanifah,Student at Syarif Hidayatullah State Islamic University Jakarta
intan nurjannah,Universitas Islam Negeri Syarif hidayatullah Jakarta
Suhendra Fidkom UIN Jakarta,Dosen UIN Jakarta
Hiro Putra Faisal,Universitas Islam Negeri Syarif Hidayatullah Jakarta
Shifany Maulida Hijjah,Universitas Islam Negeri Syarif Hidayatullah Jakarta
Muhammad Rozaan Dzakir,Universitas Islam Negeri Syarif Hidayatullah Jakarta
Suci Amaliyah,Universitas Islam Negeri Syarif Hidayatullah Jakarta
Moh. Nuh HS,UIN Syarif Hidayatullah Jakarta
"M. Zacky Mubarok, MA",UIN Syarif Hidayatullah Jakarta
Ali Yansah (ORCID: 0000-0002-8807-9053),Universitas Islam Negeri Syarif Hidayatullah Jakarta
Nur Ihsan Fajar Ramadhan,Universitas Islam Negeri Syarif Hidayatullah Jakarta
"Dr. Wirdah Fachiroh, Lc, MA",Universitas Islam Negeri (UIN) Syarif Hidayatullah Jakarta
"Bahriyadi,  M. Ag",UIN Syarif Hidayatullah Jakarta
Alvian Iqbal Zahasfan,Universitas Islam Negeri Syarif Hidayatullah Jakarta
Ahmad Afrizal Qosim,UIN Syarif Hidayatullah Jakarta
Linti Agustri Gutamuda,Syarif Hidayatullah State Islamic University Jakarta
Aghnin khulqi,Universitas Islam Negeri Syarif Hidayatullah Jakarta
Nur Solikin,UIN Syarif Hidayatullah Jakarta
Saifiddaulah Shofiyullah,UIN Syarif Hidayatullah Jakarta
"Nuriyah, MM UIN Jakarta",UIN Syarif Hidayatullah Jakarta
Shivany Khanditia,UIN Syarif Hidayatullah Jakarta
"Farkhan Abdurochim Alfarauq, S.Pd",UIN Syarif Hidayatullah Jakarta
Nurmalia Agustin,"Sejarah Peradaban Islam, UIN Syarif Hidayatullah Jakarta"
"Andromeda Nabella, MT","DTT Teknik Pertambangan, UIN Syarif Hidayatullah Jakarta"
AWIEZ FATHWA ZEIN,"Mahasiswa, UIN Syarif Hidayatullah Jakarta"
Halimatussa'diah,Universitas Islam Negeri Syarif Hidayatullah Jakarta
Burhan,"Doktor Pend. Agama Islam, UIN Jakarta"
Muhammad Rasul Rawipahu,Universitas Islam Negeri Syarif Hidayatullah Jakarta
A. Faizul Mubin,UIN Syarif Hidayatullah Jakarta
"M. Hidayatulloh, Lc., MA",UIN Syarif Hidayatullah Jakarta
Laily Salma Hanum,Universitas Islam Negeri SYarif Hidayatullah Jakarta
Deva Yohana,UIN Syarif Hidayatullah Jakarta
Abiyyu Achmad Syahru Mubarok,UIN Syarif Hidayatullah Jakarta
Randy Putra Alamsyah,UIN Syarif Hidayatullah Jakarta
Bhahari Abdul Gani,Universitas Islam Negeri Syarif Hidayatullah Jakarta
Elsa Balqis Shafira,Undergraduate Student of UIN Syarif Hidayatullah Jakarta
"Drs. Suhardi, M.Ag.",Universitas Islam Negeri Syarif Hidayatullah Jakarta
Zaenal Arifin,UIN SYARIF HIDAYATULLAH JAKARTA
Ahmad Ashfia,UIN Syarif Hidayatullah Jakarta
Nida Farida,UIN Syarif Hidayatullah Jakarta
Asnawati,UIN Jakarta
Rifdah Meidianty,Universitas Islam Negeri Syarif Hidayatullah Jakarta
Ananda Humaidah,Universitas Negeri Makassar; UIN Syarif Hidayatullah Jakarta
Wahyu Nugroho,"Sarjana Sosial, Universitas Islam Negeri Syarif Hidayatullah Jakarta"
Tanti Ariana,"Mahasiswa, UIN Syarif Hidayatullah Jakarta"
Aqidatul Islamiyah,Universitas Islam Negeri Syarif Hidayatullah Jakarta
Cantika Zahara Putri,Doctoral Student of Islamic Studies of Graduate School UIN Syarif Hidayatullah Jakarta
Al MUDZILL,Sps UIN Syarif Hidayatullah Jakarta
Amanda Haiqal,Universitas Islam Negeri Syarif Hidayatullah Jakarta
Azizah,UIN Syarif Hidayatullah Jakarta
Rhedinanda Cartini,Universitas Islam Negeri Syarif Hidayatullah Jakarta
Raabiul Akbar,SPS UIN Syarif Hidayatullah Jakarta
Muhammad Ichsan Rifqi,Universitas Islam negeri Syarif Hidayatullah Jakarta
Aris Munandar,Sekolah Pascasarjana UIN Syarif hidayatullah Jakarta
YAHYA RIVA'I,UIN Syarif Hidayatullah Jakarta
ahmad fadlan ramadlan,universitas islam negeri syarif hidayatullah jakarta
Bimo Aryo Tejo,"Lecturer, Faculty of Medicine UIN Jakarta"
Randi Alipullah,Universitas Islam Negeri Syarif Hidayatullah Jakarta
Ahmad Ridho,UIN Syarif Hidayatullah Jakarta
AL KAHFI,Universitas Islam Negeri Syarif Hidayatullah Jakarta
Muhammad Fadhlurrahman Zakaria,"Master's Student of Arabic Language and Literature, UIN Syarif Hidayatullah Jakarta"
Raihan Firdaus Hadi Saputra,"Mahasiswa, UIN Syarif Hidayatullah Jakarta"
Anang Fajar Hasbi,"UIN Sunan Gunung Djati Bandung, UIN Syarif Hidayatullah Jakarta."
Nazalia Zahra,Universitas Islam Negeri Syarif Hidayatullah Jakarta
Jihan Inayah,UIN Syarif Hidayatullah Jakarta
Robaiyadi,Uin Syarif Hidayatullah Jakarta
Nia Darmawati,Universitas Islam Negeri Syarif Hidayatullah Jakarta
Rifqah Najwa Azizah,Universitas Islam Negeri Syarif Hidayatullah Jakarta
Yulianisa Dewi Kunthi,Universitas Islam Negeri Syarif Hidayatullah Jakarta
Riska Rafinia,"Sarjana Ilmu Perpustakaan, UIN Syarif Hidayatullah Jakarta"
Imas Fatonah,Universitas Islam Negeri Syarif Hidayatullah Jakarta
